date,taxa anualizada,variação diária
2012-03-07,10.2200,0.03872300%
2012-03-08,9.5300,0.03864300%
2012-03-09,9.5100,0.03609700%
2012-03-12,9.4800,0.03601900%
2012-03-13,9.4600,0.03594100%
2012-03-14,9.4500,0.03586300%
2012-03-15,9.4500,0.03585100%
2012-03-16,9.4900,0.03583800%
2012-03-19,9.4800,0.03595400%
2012-03-20,9.4800,0.03594200%
2012-03-21,9.4800,0.03592900%
2012-03-22,9.4800,0.03591600%
2012-03-23,9.5200,0.03596800%
2012-03-26,9.4900,0.03608400%
2012-03-27,9.4900,0.03600600%
2012-03-28,9.4800,0.03599300%
2012-03-29,9.4800,0.03591600%
2012-03-30,9.5200,0.03596700%
2012-04-02,9.5000,0.03608400%
2012-04-03,9.5000,0.03600600%
2012-04-04,9.5300,0.03599300%
2012-04-05,9.5200,0.03610900%
2012-04-09,9.5000,0.03609600%
2012-04-10,9.5200,0.03601900%
2012-04-11,9.4900,0.03607000%
2012-04-12,9.4800,0.03599300%
2012-04-13,9.4800,0.03591500%
2012-04-16,9.4700,0.03596700%
2012-04-17,9.4600,0.03589000%
2012-04-18,9.4700,0.03587700%
2012-04-19,8.7200,0.03592800%
2012-04-20,8.7300,0.03315300%
2012-04-23,8.7700,0.03320600%
2012-04-24,8.7200,0.03338800%
2012-04-25,8.7200,0.03318400%
2012-04-26,8.7200,0.03317300%
2012-04-27,8.7300,0.03316200%
2012-04-30,8.7000,0.03321500%
2012-05-02,8.7600,0.03307600%
2012-05-03,8.7600,0.03332100%
2012-05-04,8.7100,0.03331000%
2012-05-07,8.7100,0.03317100%
2012-05-08,8.6900,0.03316000%
2012-05-09,8.6900,0.03308500%
2012-05-10,8.6800,0.03307400%
2012-05-11,8.6800,0.03299900%
2012-05-14,8.6300,0.03305200%
2012-05-15,8.7200,0.03285000%
2012-05-16,8.7300,0.03315800%
2012-05-17,8.7400,0.03321100%
2012-05-18,8.7600,0.03326400%
2012-05-21,8.7300,0.03331700%
2012-05-22,8.7700,0.03324200%
2012-05-23,8.7800,0.03335800%
2012-05-24,8.7800,0.03341100%
2012-05-25,8.7900,0.03340000%
2012-05-28,8.7800,0.03345200%
2012-05-29,8.7900,0.03337700%
2012-05-30,8.8100,0.03343000%
2012-05-31,8.3300,0.03348200%
2012-06-01,8.3400,0.03175300%
2012-06-04,8.3500,0.03180700%
2012-06-05,8.3600,0.03179700%
2012-06-06,8.3200,0.03185000%
2012-06-08,8.3600,0.03171300%
2012-06-11,8.3200,0.03183000%
2012-06-12,8.3400,0.03169300%
2012-06-13,8.3500,0.03181000%
2012-06-14,8.3400,0.03180000%
2012-06-15,8.3200,0.03179000%
2012-06-18,8.3500,0.03171600%
2012-06-19,8.3200,0.03183300%
2012-06-20,8.3700,0.03169600%
2012-06-21,8.3800,0.03187600%
2012-06-22,8.3600,0.03192900%
2012-06-25,8.3800,0.03185600%
2012-06-26,8.3500,0.03190900%
2012-06-27,8.3700,0.03183500%
2012-06-28,8.3600,0.03188800%
2012-06-29,8.3800,0.03187800%
2012-07-02,8.3600,0.03193100%
2012-07-03,8.3600,0.03185800%
2012-07-04,8.3700,0.03184800%
2012-07-05,8.3600,0.03190100%
2012-07-06,8.3400,0.03189100%
2012-07-09,8.3600,0.03181700%
2012-07-10,8.3200,0.03187000%
2012-07-11,8.3000,0.03173400%
2012-07-12,7.8500,0.03166100%
2012-07-13,7.8300,0.03001200%
2012-07-16,7.8500,0.02994000%
2012-07-17,7.8200,0.02999400%
2012-07-18,7.8000,0.02985900%
2012-07-19,7.8300,0.02978700%
2012-07-20,7.8400,0.02990400%
2012-07-23,7.8400,0.02995800%
2012-07-24,7.8200,0.02994900%
2012-07-25,7.8400,0.02987700%
2012-07-26,7.8100,0.02993100%
2012-07-27,7.7900,0.02985900%
2012-07-30,7.8300,0.02978800%
2012-07-31,7.8300,0.02990400%
2012-08-01,7.8300,0.02989500%
2012-08-02,7.8200,0.02988600%
2012-08-03,7.8300,0.02987800%
2012-08-06,7.8200,0.02993100%
2012-08-07,7.8200,0.02986000%
2012-08-08,7.8200,0.02985100%
2012-08-09,7.8200,0.02990500%
2012-08-10,7.8200,0.02989600%
2012-08-13,7.8000,0.02988700%
2012-08-14,7.8300,0.02981500%
2012-08-15,7.8300,0.02993100%
2012-08-16,7.8200,0.02992200%
2012-08-17,7.8400,0.02985100%
2012-08-20,7.8500,0.02996700%
2012-08-21,7.8200,0.02995800%
2012-08-22,7.8100,0.02988700%
2012-08-23,7.8100,0.02981500%
2012-08-24,7.8200,0.02986900%
2012-08-27,7.8300,0.02986000%
2012-08-28,7.8300,0.02991300%
2012-08-29,7.8200,0.02990500%
2012-08-30,7.3800,0.02989600%
2012-08-31,7.3800,0.02826500%
2012-09-03,7.4100,0.02825700%
2012-09-04,7.3900,0.02837300%
2012-09-05,7.3900,0.02830300%
2012-09-06,7.3900,0.02829500%
2012-09-10,7.3800,0.02828700%
2012-09-11,7.3700,0.02827900%
2012-09-12,7.3600,0.02820900%
2012-09-13,7.3600,0.02820100%
2012-09-14,7.3500,0.02819300%
2012-09-17,7.3400,0.02812300%
2012-09-18,7.3300,0.02811500%
2012-09-19,7.3300,0.02804500%
2012-09-20,7.3500,0.02809900%
2012-09-21,7.3500,0.02815300%
2012-09-24,7.3500,0.02814500%
2012-09-25,7.3800,0.02813700%
2012-09-26,7.3700,0.02825400%
2012-09-27,7.3600,0.02824600%
2012-09-28,7.3600,0.02817600%
2012-10-01,7.3600,0.02816800%
2012-10-02,7.3500,0.02816000%
2012-10-03,7.3600,0.02815200%
2012-10-04,7.3600,0.02820600%
2012-10-05,7.3600,0.02819800%
2012-10-08,7.3600,0.02819000%
2012-10-09,7.3500,0.02818200%
2012-10-10,7.3300,0.02817400%
2012-10-11,7.0400,0.02804200%
2012-10-15,7.0400,0.02698300%
2012-10-16,7.0500,0.02697500%
2012-10-17,7.0600,0.02703000%
2012-10-18,7.0800,0.02708400%
2012-10-19,7.0800,0.02713900%
2012-10-22,7.1200,0.02713200%
2012-10-23,7.1200,0.02730900%
2012-10-24,7.1300,0.02730200%
2012-10-25,7.1100,0.02735600%
2012-10-26,7.0900,0.02728700%
2012-10-29,7.0800,0.02715600%
2012-10-30,7.0700,0.02714900%
2012-10-31,7.0900,0.02708000%
2012-11-01,7.1100,0.02719600%
2012-11-05,7.1200,0.02725000%
2012-11-06,7.1200,0.02730400%
2012-11-07,7.1300,0.02729700%
2012-11-08,7.0900,0.02735100%
2012-11-09,7.0900,0.02715900%
2012-11-12,7.0700,0.02721300%
2012-11-13,7.0600,0.02708200%
2012-11-14,7.0600,0.02707500%
2012-11-16,7.0500,0.02706800%
2012-11-19,7.0300,0.02706000%
2012-11-20,7.0100,0.02693000%
2012-11-21,6.9900,0.02686100%
2012-11-22,7.0900,0.02679300%
2012-11-23,7.1200,0.02715400%
2012-11-26,7.1300,0.02727000%
2012-11-27,7.1200,0.02732400%
2012-11-28,7.1100,0.02731600%
2012-11-29,7.0700,0.02724700%
2012-11-30,7.0600,0.02711700%
2012-12-03,7.0700,0.02704900%
2012-12-04,7.0700,0.02710300%
2012-12-05,7.0600,0.02709500%
2012-12-06,7.0500,0.02708800%
2012-12-07,7.0400,0.02701900%
2012-12-10,7.0100,0.02701200%
2012-12-11,6.9700,0.02688200%
2012-12-12,6.9700,0.02675300%
2012-12-13,6.9500,0.02674500%
2012-12-14,6.9000,0.02667700%
2012-12-17,6.8900,0.02648600%
2012-12-18,6.8700,0.02641800%
2012-12-19,6.8400,0.02635000%
2012-12-20,6.8500,0.02628200%
2012-12-21,6.8700,0.02627500%
2012-12-24,6.8700,0.02639100%
2012-12-26,6.9000,0.02638400%
2012-12-27,6.9000,0.02649900%
2012-12-28,6.9000,0.02649200%
2012-12-31,6.9000,0.02648500%
2013-01-02,6.9200,0.02647800%
2013-01-03,6.9200,0.02653200%
2013-01-04,6.9300,0.02652500%
2013-01-07,6.9200,0.02657900%
2013-01-08,6.9100,0.02657100%
2013-01-09,6.9000,0.02650300%
2013-01-10,6.9100,0.02649600%
2013-01-11,6.9200,0.02648900%
2013-01-14,6.9300,0.02654300%
2013-01-15,6.9400,0.02659700%
2013-01-16,6.9400,0.02665100%
2013-01-17,6.9400,0.02664400%
2013-01-18,6.9200,0.02663700%
2013-01-21,6.9300,0.02656900%
2013-01-22,6.9300,0.02656200%
2013-01-23,6.9300,0.02661500%
2013-01-24,6.9300,0.02660800%
2013-01-25,6.9400,0.02660100%
2013-01-28,6.9400,0.02665500%
2013-01-29,6.9500,0.02664800%
2013-01-30,6.9500,0.02664100%
2013-01-31,6.9500,0.02663400%
2013-02-01,6.9500,0.02668700%
2013-02-04,6.9600,0.02668000%
2013-02-05,6.9600,0.02667300%
2013-02-06,6.9600,0.02672600%
2013-02-07,6.9500,0.02671900%
2013-02-08,6.9500,0.02665200%
2013-02-13,6.9500,0.02664400%
2013-02-14,6.9400,0.02663700%
2013-02-15,6.9400,0.02663000%
2013-02-18,6.9400,0.02662300%
2013-02-19,6.9300,0.02661600%
2013-02-20,6.9500,0.02660900%
2013-02-21,6.9500,0.02666200%
2013-02-22,6.9600,0.02665500%
2013-02-25,7.0000,0.02670900%
2013-02-26,6.9800,0.02682200%
2013-02-27,6.9800,0.02675500%
2013-02-28,6.9800,0.02674800%
2013-03-01,6.9800,0.02680100%
2013-03-04,6.9900,0.02679400%
2013-03-05,6.9900,0.02678600%
2013-03-06,6.9900,0.02684000%
2013-03-07,6.9900,0.02683200%
2013-03-08,6.9900,0.02682500%
2013-03-11,6.9900,0.02681800%
2013-03-12,6.9900,0.02681100%
2013-03-13,6.9900,0.02680400%
2013-03-14,6.9900,0.02679600%
2013-03-15,6.9900,0.02678900%
2013-03-18,6.9900,0.02678200%
2013-03-19,6.9900,0.02683500%
2013-03-20,6.9900,0.02682800%
2013-03-21,6.9900,0.02682100%
2013-03-22,6.9900,0.02681300%
2013-03-25,6.9900,0.02680600%
2013-03-26,6.9900,0.02679900%
2013-03-27,6.9900,0.02679200%
2013-03-28,7.0100,0.02678500%
2013-04-01,7.0200,0.02689800%
2013-04-02,7.0200,0.02695000%
2013-04-03,7.0100,0.02694300%
2013-04-04,7.0100,0.02687600%
2013-04-05,7.0100,0.02686900%
2013-04-08,7.0100,0.02686100%
2013-04-09,7.0100,0.02691400%
2013-04-10,7.0100,0.02690700%
2013-04-11,7.0100,0.02690000%
2013-04-12,7.0100,0.02689200%
2013-04-15,7.0100,0.02688500%
2013-04-16,7.0000,0.02687800%
2013-04-17,7.0000,0.02687100%
2013-04-18,7.2400,0.02686400%
2013-04-19,7.2400,0.02775300%
2013-04-22,7.2400,0.02774600%
2013-04-23,7.2400,0.02773800%
2013-04-24,7.2400,0.02773000%
2013-04-25,7.2400,0.02772300%
2013-04-26,7.2300,0.02771500%
2013-04-29,7.2300,0.02770700%
2013-04-30,7.2300,0.02770000%
2013-05-02,7.2300,0.02769200%
2013-05-03,7.2300,0.02768400%
2013-05-06,7.2400,0.02767700%
2013-05-07,7.2400,0.02772900%
2013-05-08,7.2300,0.02772100%
2013-05-09,7.2400,0.02771300%
2013-05-10,7.2300,0.02776500%
2013-05-13,7.2200,0.02769800%
2013-05-14,7.2200,0.02769000%
2013-05-15,7.2200,0.02768200%
2013-05-16,7.2200,0.02767500%
2013-05-17,7.2200,0.02766700%
2013-05-20,7.2200,0.02765900%
2013-05-21,7.2200,0.02765200%
2013-05-22,7.2200,0.02764400%
2013-05-23,7.2200,0.02763700%
2013-05-24,7.2200,0.02768800%
2013-05-27,7.2200,0.02768100%
2013-05-28,7.2200,0.02767300%
2013-05-29,7.2200,0.02766500%
2013-05-31,7.7200,0.02765800%
2013-06-03,7.7200,0.02948900%
2013-06-04,7.7200,0.02948000%
2013-06-05,7.7200,0.02953100%
2013-06-06,7.7200,0.02952200%
2013-06-07,7.7200,0.02951400%
2013-06-10,7.7200,0.02950500%
2013-06-11,7.7200,0.02949600%
2013-06-12,7.7200,0.02948800%
2013-06-13,7.7200,0.02953800%
2013-06-14,7.7200,0.02952900%
2013-06-17,7.7200,0.02952100%
2013-06-18,7.7200,0.02951200%
2013-06-19,7.7200,0.02950300%
2013-06-20,7.7200,0.02949400%
2013-06-21,7.7200,0.02948600%
2013-06-24,7.7200,0.02953600%
2013-06-25,7.7200,0.02952700%
2013-06-26,7.7200,0.02951900%
2013-06-27,7.7200,0.02951000%
2013-06-28,7.7200,0.02950100%
2013-07-01,7.7200,0.02949300%
2013-07-02,7.7200,0.02948400%
2013-07-03,7.7200,0.02953400%
2013-07-04,7.7200,0.02952500%
2013-07-05,7.7200,0.02951700%
2013-07-08,7.7200,0.02950800%
2013-07-09,7.7200,0.02949900%
2013-07-10,7.7200,0.02949100%
2013-07-11,8.2200,0.02948200%
2013-07-12,8.2200,0.03135500%
2013-07-15,8.2200,0.03134600%
2013-07-16,8.2200,0.03133600%
2013-07-17,8.2200,0.03132600%
2013-07-18,8.2200,0.03137500%
2013-07-19,8.2200,0.03136500%
2013-07-22,8.2200,0.03135500%
2013-07-23,8.2200,0.03134500%
2013-07-24,8.2200,0.03133600%
2013-07-25,8.2200,0.03132600%
2013-07-26,8.2200,0.03137500%
2013-07-29,8.2200,0.03136500%
2013-07-30,8.2200,0.03135500%
2013-07-31,8.2200,0.03134500%
2013-08-01,8.2300,0.03133500%
2013-08-02,8.2300,0.03138400%
2013-08-05,8.2200,0.03137400%
2013-08-06,8.2200,0.03136400%
2013-08-07,8.2200,0.03135400%
2013-08-08,8.2200,0.03134500%
2013-08-09,8.2200,0.03133500%
2013-08-12,8.2200,0.03132500%
2013-08-13,8.2200,0.03137400%
2013-08-14,8.2200,0.03136400%
2013-08-15,8.2200,0.03135400%
2013-08-16,8.2200,0.03134400%
2013-08-19,8.2200,0.03133400%
2013-08-20,8.2200,0.03132400%
2013-08-21,8.2200,0.03137300%
2013-08-22,8.2200,0.03136300%
2013-08-23,8.2200,0.03135300%
2013-08-26,8.2200,0.03134300%
2013-08-27,8.2200,0.03133400%
2013-08-28,8.2200,0.03132400%
2013-08-29,8.7200,0.03137200%
2013-08-30,8.7200,0.03316600%
2013-09-02,8.7200,0.03315500%
2013-09-03,8.7200,0.03320200%
2013-09-04,8.7200,0.03319100%
2013-09-05,8.7200,0.03318000%
2013-09-06,8.7200,0.03316900%
2013-09-09,8.7200,0.03315800%
2013-09-10,8.7200,0.03320500%
2013-09-11,8.7200,0.03319400%
2013-09-12,8.7200,0.03318300%
2013-09-13,8.7200,0.03317200%
2013-09-16,8.7200,0.03316100%
2013-09-17,8.7200,0.03315000%
2013-09-18,8.7200,0.03319700%
2013-09-19,8.7100,0.03318600%
2013-09-20,8.7000,0.03311700%
2013-09-23,8.7000,0.03310600%
2013-09-24,8.7000,0.03309500%
2013-09-25,8.8100,0.03308400%
2013-09-26,8.7200,0.03347800%
2013-09-27,8.7100,0.03317800%
2013-09-30,8.7100,0.03316700%
2013-10-01,8.7100,0.03315600%
2013-10-02,8.7000,0.03314500%
2013-10-03,8.7000,0.03307600%
2013-10-04,8.8300,0.03312300%
2013-10-07,8.8100,0.03357300%
2013-10-08,8.8100,0.03350400%
2013-10-09,8.8500,0.03349300%
2013-10-10,9.3600,0.03365500%
2013-10-11,9.3200,0.03548700%
2013-10-14,9.3500,0.03535900%
2013-10-15,9.3500,0.03546100%
2013-10-16,9.3500,0.03544900%
2013-10-17,9.3500,0.03549400%
2013-10-18,9.3200,0.03548100%
2013-10-21,9.3500,0.03535400%
2013-10-22,9.3500,0.03545600%
2013-10-23,9.3200,0.03544400%
2013-10-24,9.3200,0.03537400%
2013-10-25,9.3200,0.03536100%
2013-10-28,9.3200,0.03534900%
2013-10-29,9.3200,0.03533600%
2013-10-30,9.3200,0.03538100%
2013-10-31,9.3200,0.03536800%
2013-11-01,9.3200,0.03535600%
2013-11-04,9.2800,0.03534300%
2013-11-05,9.2800,0.03521600%
2013-11-06,9.2800,0.03520400%
2013-11-07,9.2800,0.03519200%
2013-11-08,9.2800,0.03523600%
2013-11-11,9.2800,0.03522400%
2013-11-12,9.2800,0.03521200%
2013-11-13,9.2800,0.03519900%
2013-11-14,9.2800,0.03524400%
2013-11-18,9.2800,0.03523200%
2013-11-19,9.2800,0.03521900%
2013-11-20,9.2800,0.03520700%
2013-11-21,9.2800,0.03519400%
2013-11-22,9.2800,0.03523900%
2013-11-25,9.2800,0.03522700%
2013-11-26,9.2800,0.03521400%
2013-11-27,9.2800,0.03520200%
2013-11-28,9.7700,0.03518900%
2013-11-29,9.7700,0.03699800%
2013-12-02,9.7700,0.03698400%
2013-12-03,9.7700,0.03697100%
2013-12-04,9.7700,0.03701400%
2013-12-05,9.7700,0.03700000%
2013-12-06,9.7600,0.03698700%
2013-12-09,9.8500,0.03697300%
2013-12-10,9.7700,0.03730000%
2013-12-11,9.7700,0.03700200%
2013-12-12,9.7700,0.03698800%
2013-12-13,9.7700,0.03697500%
2013-12-16,9.8500,0.03701800%
2013-12-17,9.7700,0.03728700%
2013-12-18,9.7700,0.03699000%
2013-12-19,9.7700,0.03697700%
2013-12-20,9.7700,0.03696300%
2013-12-23,9.7700,0.03700600%
2013-12-24,9.7700,0.03699200%
2013-12-26,9.7700,0.03697900%
2013-12-27,9.7700,0.03696500%
2013-12-30,9.7700,0.03700800%
2013-12-31,9.7700,0.03699400%
2014-01-02,9.7700,0.03698000%
2014-01-03,9.7700,0.03696700%
2014-01-06,9.7700,0.03700900%
2014-01-07,9.7700,0.03699600%
2014-01-08,9.7700,0.03698200%
2014-01-09,9.7700,0.03696800%
2014-01-10,9.7700,0.03701100%
2014-01-13,9.7700,0.03699700%
2014-01-14,9.7700,0.03698400%
2014-01-15,9.7700,0.03697000%
2014-01-16,10.2700,0.03701300%
2014-01-17,10.3400,0.03879800%
2014-01-20,10.3500,0.03906400%
2014-01-21,10.3500,0.03910500%
2014-01-22,10.2700,0.03908900%
2014-01-23,10.2700,0.03879300%
2014-01-24,10.2700,0.03877800%
2014-01-27,10.2700,0.03881900%
2014-01-28,10.2700,0.03880400%
2014-01-29,10.2700,0.03878900%
2014-01-30,10.2700,0.03877400%
2014-01-31,10.2700,0.03881500%
2014-02-03,10.2700,0.03880000%
2014-02-04,10.2900,0.03878500%
2014-02-05,10.2900,0.03888200%
2014-02-06,10.2900,0.03886700%
2014-02-07,10.2900,0.03885200%
2014-02-10,10.2900,0.03889300%
2014-02-11,10.2900,0.03887700%
2014-02-12,10.2900,0.03886200%
2014-02-13,10.2900,0.03884700%
2014-02-14,10.2900,0.03888800%
2014-02-17,10.2900,0.03887300%
2014-02-18,10.2900,0.03885800%
2014-02-19,10.2900,0.03884300%
2014-02-20,10.2900,0.03888300%
2014-02-21,10.2900,0.03886800%
2014-02-24,10.2900,0.03885300%
2014-02-25,10.2900,0.03889400%
2014-02-26,10.3500,0.03887800%
2014-02-27,10.5900,0.03908600%
2014-02-28,10.5900,0.03995900%
2014-03-05,10.5500,0.03994400%
2014-03-06,10.5500,0.03981700%
2014-03-07,10.5500,0.03980100%
2014-03-10,10.5500,0.03978500%
2014-03-11,10.5500,0.03982400%
2014-03-12,10.5500,0.03980900%
2014-03-13,10.5500,0.03979300%
2014-03-14,10.5500,0.03977700%
2014-03-17,10.5500,0.03981700%
2014-03-18,10.5500,0.03980100%
2014-03-19,10.5900,0.03978500%
2014-03-20,10.5900,0.03993500%
2014-03-21,10.5900,0.03991900%
2014-03-24,10.5900,0.03995800%
2014-03-25,10.5900,0.03994200%
2014-03-26,10.5900,0.03992600%
2014-03-27,10.5500,0.03996600%
2014-03-28,10.5500,0.03978400%
2014-03-31,10.5500,0.03982300%
2014-04-01,10.5500,0.03980800%
2014-04-02,10.5500,0.03979200%
2014-04-03,10.8000,0.03977600%
2014-04-04,10.8000,0.04069600%
2014-04-07,10.8000,0.04068000%
2014-04-08,10.8000,0.04071800%
2014-04-09,10.8000,0.04070100%
2014-04-10,10.8000,0.04068500%
2014-04-11,10.8000,0.04072300%
2014-04-14,10.8000,0.04070700%
2014-04-15,10.8000,0.04069000%
2014-04-16,10.8000,0.04067400%
2014-04-17,10.8000,0.04071200%
2014-04-22,10.8000,0.04069500%
2014-04-23,10.8000,0.04067900%
2014-04-24,10.8000,0.04071700%
2014-04-25,10.8000,0.04070100%
2014-04-28,10.8000,0.04068400%
2014-04-29,10.8000,0.04072200%
2014-04-30,10.8000,0.04070600%
2014-05-02,10.8000,0.04068900%
2014-05-05,10.8000,0.04067200%
2014-05-06,10.8000,0.04071100%
2014-05-07,10.8000,0.04069400%
2014-05-08,10.8000,0.04067700%
2014-05-09,10.8000,0.04071500%
2014-05-12,10.8000,0.04069900%
2014-05-13,10.8000,0.04068200%
2014-05-14,10.8000,0.04072000%
2014-05-15,10.8000,0.04070400%
2014-05-16,10.8000,0.04068700%
2014-05-19,10.8000,0.04067100%
2014-05-20,10.8000,0.04070800%
2014-05-21,10.8000,0.04069200%
2014-05-22,10.8000,0.04067500%
2014-05-23,10.8000,0.04071300%
2014-05-26,10.8000,0.04069700%
2014-05-27,10.8000,0.04068000%
2014-05-28,10.8000,0.04071800%
2014-05-29,10.8000,0.04070100%
2014-05-30,10.8000,0.04068500%
2014-06-02,10.8000,0.04072200%
2014-06-03,10.8000,0.04070600%
2014-06-04,10.8000,0.04068900%
2014-06-05,10.8000,0.04067300%
2014-06-06,10.8000,0.04071000%
2014-06-09,10.8400,0.04069400%
2014-06-10,10.8000,0.04083900%
2014-06-11,10.8000,0.04071500%
2014-06-12,10.8000,0.04069800%
2014-06-13,10.8000,0.04068100%
2014-06-16,10.8000,0.04071900%
2014-06-17,10.8000,0.04070200%
2014-06-18,10.8000,0.04068600%
2014-06-20,10.8000,0.04072300%
2014-06-23,10.8000,0.04070700%
2014-06-24,10.8000,0.04069000%
2014-06-25,10.8000,0.04067300%
2014-06-26,10.8000,0.04071100%
2014-06-27,10.8000,0.04069400%
2014-06-30,10.8000,0.04067800%
2014-07-01,10.8000,0.04071500%
2014-07-02,10.8000,0.04069800%
2014-07-03,10.8000,0.04068200%
2014-07-04,10.8000,0.04071900%
2014-07-07,10.8000,0.04070200%
2014-07-08,10.8000,0.04068600%
2014-07-09,10.8000,0.04072300%
2014-07-10,10.8000,0.04070600%
2014-07-11,10.8000,0.04069000%
2014-07-14,10.8000,0.04067300%
2014-07-15,10.8000,0.04071000%
2014-07-16,10.8000,0.04069400%
2014-07-17,10.8000,0.04067700%
2014-07-18,10.8000,0.04071400%
2014-07-21,10.8000,0.04069700%
2014-07-22,10.8000,0.04068100%
2014-07-23,10.8000,0.04071800%
2014-07-24,10.8000,0.04070100%
2014-07-25,10.8000,0.04068500%
2014-07-28,10.8000,0.04072100%
2014-07-29,10.8000,0.04070500%
2014-07-30,10.8000,0.04068800%
2014-07-31,10.8000,0.04067200%
2014-08-01,10.8000,0.04070800%
2014-08-04,10.8100,0.04069200%
2014-08-05,10.8100,0.04072900%
2014-08-06,10.8100,0.04071200%
2014-08-07,10.8100,0.04074900%
2014-08-08,10.8100,0.04073200%
2014-08-11,10.8100,0.04071500%
2014-08-12,10.8100,0.04075200%
2014-08-13,10.8100,0.04073500%
2014-08-14,10.8100,0.04071900%
2014-08-15,10.8200,0.04075500%
2014-08-18,10.8100,0.04079200%
2014-08-19,10.8100,0.04072200%
2014-08-20,10.8400,0.04075900%
2014-08-21,10.8200,0.04084800%
2014-08-22,10.8100,0.04077800%
2014-08-25,10.8400,0.04070900%
2014-08-26,10.8400,0.04085100%
2014-08-27,10.8100,0.04083400%
2014-08-28,10.8400,0.04071200%
2014-08-29,10.8100,0.04085400%
2014-09-01,10.8100,0.04073100%
2014-09-02,10.8100,0.04071500%
2014-09-03,10.8100,0.04075100%
2014-09-04,10.8100,0.04073400%
2014-09-05,10.8100,0.04071800%
2014-09-08,10.8100,0.04075400%
2014-09-09,10.8100,0.04073700%
2014-09-10,10.8400,0.04072100%
2014-09-11,10.8100,0.04086200%
2014-09-12,10.8100,0.04074000%
2014-09-15,10.8100,0.04072400%
2014-09-16,10.8100,0.04070700%
2014-09-17,10.8100,0.04074300%
2014-09-18,10.8100,0.04072600%
2014-09-19,10.8100,0.04071000%
2014-09-22,10.8100,0.04074600%
2014-09-23,10.8400,0.04072900%
2014-09-24,10.8400,0.04081800%
2014-09-25,10.8400,0.04085300%
2014-09-26,10.8100,0.04083700%
2014-09-29,10.8100,0.04071500%
2014-09-30,10.8100,0.04075100%
2014-10-01,10.8100,0.04073400%
2014-10-02,10.8100,0.04071800%
2014-10-03,10.8100,0.04075300%
2014-10-06,10.8100,0.04073700%
2014-10-07,10.8400,0.04072000%
2014-10-08,10.8400,0.04086000%
2014-10-09,10.8400,0.04084400%
2014-10-10,10.8400,0.04082700%
2014-10-13,10.8100,0.04086300%
2014-10-14,10.8400,0.04074200%
2014-10-15,10.8100,0.04082900%
2014-10-16,10.8400,0.04070800%
2014-10-17,10.8400,0.04084800%
2014-10-20,10.8400,0.04083100%
2014-10-21,10.8400,0.04081500%
2014-10-22,10.8400,0.04085000%
2014-10-23,10.8400,0.04083300%
2014-10-24,10.8400,0.04081700%
2014-10-27,10.8400,0.04085200%
2014-10-28,10.8400,0.04083500%
2014-10-29,10.8400,0.04081900%
2014-10-30,11.0900,0.04085400%
2014-10-31,11.0600,0.04171900%
2014-11-03,11.0600,0.04165000%
2014-11-04,11.0600,0.04163300%
2014-11-05,11.0900,0.04161500%
2014-11-06,11.0900,0.04175300%
2014-11-07,11.0900,0.04173600%
2014-11-10,11.0900,0.04171900%
2014-11-11,11.0900,0.04175300%
2014-11-12,11.0900,0.04173500%
2014-11-13,11.0900,0.04171800%
2014-11-14,11.0900,0.04175200%
2014-11-17,11.0900,0.04173500%
2014-11-18,11.0900,0.04171700%
2014-11-19,11.0900,0.04175200%
2014-11-20,11.0900,0.04173400%
2014-11-21,11.0900,0.04171700%
2014-11-24,11.0900,0.04175100%
2014-11-25,11.0900,0.04173400%
2014-11-26,11.0900,0.04171600%
2014-11-27,11.0900,0.04175000%
2014-11-28,11.0600,0.04173300%
2014-12-01,11.0600,0.04161300%
2014-12-02,11.0600,0.04164700%
2014-12-03,11.0900,0.04162900%
2014-12-04,11.5900,0.04171500%
2014-12-05,11.5900,0.04349400%
2014-12-08,11.5900,0.04352700%
2014-12-09,11.5700,0.04350800%
2014-12-10,11.5700,0.04343700%
2014-12-11,11.5900,0.04347000%
2014-12-12,11.5900,0.04350200%
2014-12-15,11.5900,0.04353500%
2014-12-16,11.5900,0.04351600%
2014-12-17,11.5900,0.04349700%
2014-12-18,11.5900,0.04352900%
2014-12-19,11.5900,0.04351000%
2014-12-22,11.5900,0.04349100%
2014-12-23,11.5700,0.04352300%
2014-12-24,11.5700,0.04345300%
2014-12-26,11.5700,0.04343400%
2014-12-29,11.5900,0.04346600%
2014-12-30,11.5700,0.04349900%
2014-12-31,11.5700,0.04342900%
2015-01-02,11.5700,0.04346100%
2015-01-05,11.5700,0.04344200%
2015-01-06,11.5700,0.04342300%
2015-01-07,11.5700,0.04345500%
2015-01-08,11.5700,0.04343600%
2015-01-09,11.5700,0.04346800%
2015-01-12,11.5700,0.04344900%
2015-01-13,11.5700,0.04343000%
2015-01-14,11.5700,0.04346200%
2015-01-15,11.5700,0.04344300%
2015-01-16,11.5700,0.04342500%
2015-01-19,11.5700,0.04345600%
2015-01-20,11.5700,0.04343800%
2015-01-21,11.5700,0.04346900%
2015-01-22,12.0900,0.04345000%
2015-01-23,12.0800,0.04530400%
2015-01-26,12.0800,0.04523300%
2015-01-27,12.0800,0.04526300%
2015-01-28,12.0800,0.04524300%
2015-01-29,12.0800,0.04527300%
2015-01-30,12.0800,0.04525200%
2015-02-02,12.0800,0.04523200%
2015-02-03,12.0900,0.04526200%
2015-02-04,12.0900,0.04529200%
2015-02-05,12.0900,0.04527100%
2015-02-06,12.0900,0.04530100%
2015-02-09,12.0900,0.04528100%
2015-02-10,12.0900,0.04531000%
2015-02-11,12.0900,0.04529000%
2015-02-12,12.0900,0.04526900%
2015-02-13,12.0900,0.04529900%
2015-02-18,12.0900,0.04527900%
2015-02-19,12.0900,0.04530800%
2015-02-20,12.0900,0.04528800%
2015-02-23,12.0900,0.04526700%
2015-02-24,12.0900,0.04529700%
2015-02-25,12.0900,0.04527600%
2015-02-26,12.0900,0.04530600%
2015-02-27,12.0900,0.04528600%
2015-03-02,12.0900,0.04531500%
2015-03-03,12.0900,0.04529500%
2015-03-04,12.0900,0.04527400%
2015-03-05,12.6000,0.04530400%
2015-03-06,12.6000,0.04708200%
2015-03-09,12.6000,0.04711000%
2015-03-10,12.6000,0.04708800%
2015-03-11,12.6000,0.04711500%
2015-03-12,12.6000,0.04709300%
2015-03-13,12.6000,0.04707100%
2015-03-16,12.6000,0.04709900%
2015-03-17,12.6000,0.04707600%
2015-03-18,12.6000,0.04710400%
2015-03-19,12.6000,0.04708200%
2015-03-20,12.6000,0.04711000%
2015-03-23,12.6100,0.04708700%
2015-03-24,12.6100,0.04711500%
2015-03-25,12.6100,0.04714200%
2015-03-26,12.6100,0.04712000%
2015-03-27,12.6100,0.04714800%
2015-03-30,12.6000,0.04712500%
2015-03-31,12.6000,0.04710300%
2015-04-01,12.6000,0.04708100%
2015-04-02,12.6000,0.04710800%
2015-04-06,12.6000,0.04708600%
2015-04-07,12.6000,0.04711300%
2015-04-08,12.6000,0.04709100%
2015-04-09,12.6000,0.04706900%
2015-04-10,12.6000,0.04709600%
2015-04-13,12.6000,0.04707400%
2015-04-14,12.6000,0.04710100%
2015-04-15,12.6000,0.04707900%
2015-04-16,12.6000,0.04710600%
2015-04-17,12.6000,0.04708400%
2015-04-20,12.6000,0.04711100%
2015-04-22,12.6000,0.04708900%
2015-04-23,12.6000,0.04711600%
2015-04-24,12.6000,0.04709400%
2015-04-27,12.6100,0.04707200%
2015-04-28,12.6200,0.04714800%
2015-04-29,12.6200,0.04717500%
2015-04-30,13.1100,0.04715300%
2015-05-04,13.1100,0.04889700%
2015-05-05,13.1300,0.04887400%
2015-05-06,13.1300,0.04894800%
2015-05-07,13.1300,0.04897300%
2015-05-08,13.1300,0.04894900%
2015-05-11,13.1300,0.04897400%
2015-05-12,13.1300,0.04895000%
2015-05-13,13.1300,0.04897500%
2015-05-14,13.1300,0.04895100%
2015-05-15,13.1300,0.04897600%
2015-05-18,13.1300,0.04895200%
2015-05-19,13.1300,0.04897700%
2015-05-20,13.1300,0.04895300%
2015-05-21,13.1300,0.04897700%
2015-05-22,13.1300,0.04895300%
2015-05-25,13.1300,0.04897800%
2015-05-26,13.1300,0.04895400%
2015-05-27,13.1300,0.04897900%
2015-05-28,13.1300,0.04895500%
2015-05-29,13.1300,0.04893100%
2015-06-01,13.1300,0.04895600%
2015-06-02,13.1300,0.04893200%
2015-06-03,13.1300,0.04895600%
2015-06-05,13.6400,0.04893200%
2015-06-08,13.6400,0.05075200%
2015-06-09,13.6400,0.05072600%
2015-06-10,13.6400,0.05074900%
2015-06-11,13.6400,0.05072300%
2015-06-12,13.6400,0.05074600%
2015-06-15,13.6400,0.05072000%
2015-06-16,13.6400,0.05074300%
2015-06-17,13.6400,0.05071700%
2015-06-18,13.6400,0.05074000%
2015-06-19,13.6400,0.05076200%
2015-06-22,13.6400,0.05073600%
2015-06-23,13.6400,0.05075900%
2015-06-24,13.6400,0.05073300%
2015-06-25,13.6400,0.05075600%
2015-06-26,13.6400,0.05073000%
2015-06-29,13.6400,0.05075200%
2015-06-30,13.6400,0.05072700%
2015-07-01,13.6400,0.05074900%
2015-07-02,13.6400,0.05072300%
2015-07-03,13.6400,0.05074500%
2015-07-06,13.6400,0.05072000%
2015-07-07,13.6400,0.05074200%
2015-07-08,13.6400,0.05071600%
2015-07-09,13.6400,0.05073900%
2015-07-10,13.6400,0.05076100%
2015-07-13,13.6400,0.05073500%
2015-07-14,13.6400,0.05075700%
2015-07-15,13.6400,0.05073100%
2015-07-16,13.6400,0.05075300%
2015-07-17,13.6400,0.05072800%
2015-07-20,13.6400,0.05075000%
2015-07-21,13.6400,0.05072400%
2015-07-22,13.6400,0.05074600%
2015-07-23,13.6400,0.05072000%
2015-07-24,13.6400,0.05074200%
2015-07-27,13.6400,0.05071700%
2015-07-28,13.6400,0.05073800%
2015-07-29,13.6400,0.05076000%
2015-07-30,14.1300,0.05073500%
2015-07-31,14.1300,0.05246800%
2015-08-03,14.1300,0.05244100%
2015-08-04,14.1300,0.05246100%
2015-08-05,14.1300,0.05243300%
2015-08-06,14.1300,0.05245300%
2015-08-07,14.1300,0.05242600%
2015-08-10,14.1300,0.05244600%
2015-08-11,14.1300,0.05246600%
2015-08-12,14.1300,0.05243800%
2015-08-13,14.1300,0.05245800%
2015-08-14,14.1300,0.05243100%
2015-08-17,14.1300,0.05245000%
2015-08-18,14.1300,0.05247000%
2015-08-19,14.1300,0.05244300%
2015-08-20,14.1300,0.05246200%
2015-08-21,14.1300,0.05243500%
2015-08-24,14.1300,0.05245500%
2015-08-25,14.1300,0.05242700%
2015-08-26,14.1300,0.05244700%
2015-08-27,14.1300,0.05246600%
2015-08-28,14.1300,0.05243900%
2015-08-31,14.1300,0.05245800%
2015-09-01,14.1300,0.05243100%
2015-09-02,14.1300,0.05245000%
2015-09-03,14.1300,0.05247000%
2015-09-04,14.1300,0.05244200%
2015-09-08,14.1300,0.05246200%
2015-09-09,14.1300,0.05243400%
2015-09-10,14.1300,0.05245400%
2015-09-11,14.1300,0.05242600%
2015-09-14,14.1300,0.05244500%
2015-09-15,14.1300,0.05246500%
2015-09-16,14.1300,0.05243700%
2015-09-17,14.1300,0.05245600%
2015-09-18,14.1300,0.05242900%
2015-09-21,14.1300,0.05244800%
2015-09-22,14.1300,0.05246700%
2015-09-23,14.1300,0.05244000%
2015-09-24,14.1300,0.05245900%
2015-09-25,14.1300,0.05243100%
2015-09-28,14.1300,0.05245100%
2015-09-29,14.1300,0.05247000%
2015-09-30,14.1300,0.05244200%
2015-10-01,14.1300,0.05246100%
2015-10-02,14.1300,0.05243400%
2015-10-05,14.1300,0.05245300%
2015-10-06,14.1300,0.05242500%
2015-10-07,14.1300,0.05244400%
2015-10-08,14.1300,0.05246300%
2015-10-09,14.1300,0.05243500%
2015-10-13,14.1300,0.05245400%
2015-10-14,14.1300,0.05242700%
2015-10-15,14.1300,0.05244500%
2015-10-16,14.1300,0.05246400%
2015-10-19,14.1300,0.05243700%
2015-10-20,14.1300,0.05245500%
2015-10-21,14.1300,0.05242800%
2015-10-22,14.1400,0.05244700%
2015-10-23,14.1400,0.05246500%
2015-10-26,14.1400,0.05248400%
2015-10-27,14.1400,0.05250200%
2015-10-28,14.1400,0.05247500%
2015-10-29,14.1400,0.05249300%
2015-10-30,14.1400,0.05246600%
2015-11-03,14.1400,0.05248400%
2015-11-04,14.1400,0.05250300%
2015-11-05,14.1400,0.05247500%
2015-11-06,14.1400,0.05249400%
2015-11-09,14.1400,0.05246600%
2015-11-10,14.1400,0.05248400%
2015-11-11,14.1400,0.05250300%
2015-11-12,14.1400,0.05247500%
2015-11-13,14.1400,0.05249300%
2015-11-16,14.1400,0.05246600%
2015-11-17,14.1400,0.05248400%
2015-11-18,14.1400,0.05250200%
2015-11-19,14.1400,0.05247500%
2015-11-20,14.1400,0.05249300%
2015-11-23,14.1400,0.05246500%
2015-11-24,14.1400,0.05248300%
2015-11-25,14.1400,0.05250200%
2015-11-26,14.1400,0.05247400%
2015-11-27,14.1400,0.05249200%
2015-11-30,14.1400,0.05246500%
2015-12-01,14.1400,0.05248300%
2015-12-02,14.1400,0.05250000%
2015-12-03,14.1400,0.05247300%
2015-12-04,14.1400,0.05249100%
2015-12-07,14.1400,0.05246300%
2015-12-08,14.1400,0.05248100%
2015-12-09,14.1400,0.05254400%
2015-12-10,14.1400,0.05247100%
2015-12-11,14.1400,0.05248900%
2015-12-14,14.1400,0.05246200%
2015-12-15,14.1400,0.05247900%
2015-12-16,14.1400,0.05249700%
2015-12-17,14.1400,0.05247000%
2015-12-18,14.1400,0.05248700%
2015-12-21,14.1400,0.05250500%
2015-12-22,14.1400,0.05247700%
2015-12-23,14.1400,0.05249500%
2015-12-24,14.1400,0.05246700%
2015-12-28,14.1400,0.05248500%
2015-12-29,14.1400,0.05250300%
2015-12-30,14.1400,0.05247500%
2015-12-31,14.1400,0.05249200%
2016-01-04,14.1400,0.05246500%
2016-01-05,14.1400,0.05248200%
2016-01-06,14.1400,0.05250000%
2016-01-07,14.1400,0.05247200%
2016-01-08,14.1400,0.05249000%
2016-01-11,14.1400,0.05246200%
2016-01-12,14.1400,0.05247900%
2016-01-13,14.1400,0.05249700%
2016-01-14,14.1400,0.05246900%
2016-01-15,14.1400,0.05248600%
2016-01-18,14.1400,0.05250400%
2016-01-19,14.1400,0.05247600%
2016-01-20,14.1400,0.05249300%
2016-01-21,14.1300,0.05246600%
2016-01-22,14.1300,0.05243800%
2016-01-25,14.1300,0.05245500%
2016-01-26,14.1300,0.05242800%
2016-01-27,14.1300,0.05244500%
2016-01-28,14.1300,0.05246200%
2016-01-29,14.1300,0.05243500%
2016-02-01,14.1300,0.05245200%
2016-02-02,14.1300,0.05246900%
2016-02-03,14.1300,0.05244100%
2016-02-04,14.1300,0.05245800%
2016-02-05,14.1300,0.05243000%
2016-02-10,14.1300,0.05244700%
2016-02-11,14.1300,0.05246400%
2016-02-12,14.1300,0.05243700%
2016-02-15,14.1300,0.05245400%
2016-02-16,14.1300,0.05242600%
2016-02-17,14.1300,0.05244300%
2016-02-18,14.1300,0.05246000%
2016-02-19,14.1300,0.05243200%
2016-02-22,14.1300,0.05244900%
2016-02-23,14.1300,0.05246600%
2016-02-24,14.1300,0.05243800%
2016-02-25,14.1300,0.05245500%
2016-02-26,14.1300,0.05242700%
2016-02-29,14.1300,0.05244400%
2016-03-01,14.1300,0.05246000%
2016-03-02,14.1300,0.05243300%
2016-03-03,14.1300,0.05245000%
2016-03-04,14.1300,0.05246600%
2016-03-07,14.1300,0.05243900%
2016-03-08,14.1300,0.05245500%
2016-03-09,14.1300,0.05242700%
2016-03-10,14.1300,0.05244400%
2016-03-11,14.1300,0.05246000%
2016-03-14,14.1300,0.05243300%
2016-03-15,14.1300,0.05244900%
2016-03-16,14.1300,0.05246600%
2016-03-17,14.1300,0.05243800%
2016-03-18,14.1300,0.05245400%
2016-03-21,14.1300,0.05242700%
2016-03-22,14.1300,0.05244300%
2016-03-23,14.1300,0.05245900%
2016-03-24,14.1300,0.05243200%
2016-03-28,14.1300,0.05244800%
2016-03-29,14.1300,0.05246400%
2016-03-30,14.1300,0.05243700%
2016-03-31,14.1300,0.05245300%
2016-04-01,14.1300,0.05246900%
2016-04-04,14.1300,0.05244100%
2016-04-05,14.1300,0.05245700%
2016-04-06,14.1300,0.05243000%
2016-04-07,14.1300,0.05244600%
2016-04-08,14.1300,0.05246200%
2016-04-11,14.1300,0.05243400%
2016-04-12,14.1300,0.05245000%
2016-04-13,14.1300,0.05246600%
2016-04-14,14.1300,0.05243900%
2016-04-15,14.1300,0.05245400%
2016-04-18,14.1300,0.05242700%
2016-04-19,14.1300,0.05244300%
2016-04-20,14.1300,0.05245800%
2016-04-22,14.1300,0.05243100%
2016-04-25,14.1300,0.05244700%
2016-04-26,14.1300,0.05246200%
2016-04-27,14.1300,0.05243500%
2016-04-28,14.1300,0.05245100%
2016-04-29,14.1300,0.05246600%
2016-05-02,14.1300,0.05243900%
2016-05-03,14.1300,0.05245400%
2016-05-04,14.1300,0.05242700%
2016-05-05,14.1300,0.05244200%
2016-05-06,14.1300,0.05245800%
2016-05-09,14.1300,0.05243000%
2016-05-10,14.1300,0.05244600%
2016-05-11,14.1300,0.05246100%
2016-05-12,14.1300,0.05243400%
2016-05-13,14.1300,0.05244900%
2016-05-16,14.1300,0.05246500%
2016-05-17,14.1300,0.05243700%
2016-05-18,14.1300,0.05245300%
2016-05-19,14.1300,0.05246800%
2016-05-20,14.1300,0.05244000%
2016-05-23,14.1300,0.05245600%
2016-05-24,14.1300,0.05242800%
2016-05-25,14.1300,0.05244300%
2016-05-27,14.1300,0.05245900%
2016-05-30,14.1300,0.05243100%
2016-05-31,14.1300,0.05244600%
2016-06-01,14.1300,0.05246100%
2016-06-02,14.1300,0.05243400%
2016-06-03,14.1300,0.05244900%
2016-06-06,14.1300,0.05246400%
2016-06-07,14.1300,0.05243700%
2016-06-08,14.1300,0.05245200%
2016-06-09,14.1300,0.05246700%
2016-06-10,14.1300,0.05243900%
2016-06-13,14.1300,0.05245400%
2016-06-14,14.1300,0.05242700%
2016-06-15,14.1300,0.05244200%
2016-06-16,14.1300,0.05245700%
2016-06-17,14.1300,0.05242900%
2016-06-20,14.1300,0.05244400%
2016-06-21,14.1300,0.05245900%
2016-06-22,14.1300,0.05243100%
2016-06-23,14.1300,0.05244600%
2016-06-24,14.1300,0.05246100%
2016-06-27,14.1300,0.05243300%
2016-06-28,14.1300,0.05244800%
2016-06-29,14.1300,0.05246300%
2016-06-30,14.1300,0.05243500%
2016-07-01,14.1300,0.05245000%
2016-07-04,14.1300,0.05246500%
2016-07-05,14.1300,0.05243700%
2016-07-06,14.1300,0.05245200%
2016-07-07,14.1300,0.05246600%
2016-07-08,14.1300,0.05243900%
2016-07-11,14.1300,0.05245300%
2016-07-12,14.1300,0.05246800%
2016-07-13,14.1300,0.05244000%
2016-07-14,14.1300,0.05245500%
2016-07-15,14.1300,0.05242700%
2016-07-18,14.1300,0.05244200%
2016-07-19,14.1300,0.05245600%
2016-07-20,14.1300,0.05242900%
2016-07-21,14.1300,0.05244300%
2016-07-22,14.1300,0.05245700%
2016-07-25,14.1300,0.05243000%
2016-07-26,14.1300,0.05244400%
2016-07-27,14.1300,0.05245800%
2016-07-28,14.1300,0.05243100%
2016-07-29,14.1300,0.05244500%
2016-08-01,14.1300,0.05245900%
2016-08-02,14.1300,0.05243200%
2016-08-03,14.1300,0.05244600%
2016-08-04,14.1300,0.05246000%
2016-08-05,14.1300,0.05243300%
2016-08-08,14.1300,0.05244700%
2016-08-09,14.1300,0.05246100%
2016-08-10,14.1300,0.05243300%
2016-08-11,14.1300,0.05244700%
2016-08-12,14.1300,0.05246100%
2016-08-15,14.1300,0.05243400%
2016-08-16,14.1300,0.05244800%
2016-08-17,14.1300,0.05246200%
2016-08-18,14.1300,0.05243400%
2016-08-19,14.1300,0.05244800%
2016-08-22,14.1300,0.05246200%
2016-08-23,14.1300,0.05243400%
2016-08-24,14.1300,0.05244800%
2016-08-25,14.1300,0.05246200%
2016-08-26,14.1300,0.05243500%
2016-08-29,14.1300,0.05244800%
2016-08-30,14.1300,0.05246200%
2016-08-31,14.1300,0.05243500%
2016-09-01,14.1300,0.05244800%
2016-09-02,14.1300,0.05246200%
2016-09-05,14.1300,0.05243400%
2016-09-06,14.1300,0.05244800%
2016-09-08,14.1300,0.05246200%
2016-09-09,14.1300,0.05243400%
2016-09-12,14.1300,0.05244800%
2016-09-13,14.1300,0.05246100%
2016-09-14,14.1300,0.05243400%
2016-09-15,14.1300,0.05244700%
2016-09-16,14.1300,0.05246100%
2016-09-19,14.1300,0.05243300%
2016-09-20,14.1300,0.05244700%
2016-09-21,14.1300,0.05246000%
2016-09-22,14.1300,0.05243300%
2016-09-23,14.1300,0.05244600%
2016-09-26,14.1300,0.05245900%
2016-09-27,14.1300,0.05243200%
2016-09-28,14.1300,0.05244500%
2016-09-29,14.1300,0.05245800%
2016-09-30,14.1300,0.05243100%
2016-10-03,14.1300,0.05244400%
2016-10-04,14.1300,0.05245700%
2016-10-05,14.1300,0.05243000%
2016-10-06,14.1300,0.05244300%
2016-10-07,14.1300,0.05245600%
2016-10-10,14.1300,0.05242900%
2016-10-11,14.1300,0.05244200%
2016-10-13,14.1300,0.05245500%
2016-10-14,14.1300,0.05242800%
2016-10-17,14.1300,0.05244100%
2016-10-18,14.1300,0.05245400%
2016-10-19,14.1300,0.05246700%
2016-10-20,13.8800,0.05243900%
2016-10-21,13.8800,0.05156200%
2016-10-24,13.8800,0.05157600%
2016-10-25,13.8800,0.05159000%
2016-10-26,13.8800,0.05156300%
2016-10-27,13.8800,0.05157700%
2016-10-28,13.8800,0.05159100%
2016-10-31,13.8800,0.05156400%
2016-11-01,13.8800,0.05157800%
2016-11-03,13.8800,0.05159100%
2016-11-04,13.8800,0.05156500%
2016-11-07,13.8800,0.05157900%
2016-11-08,13.8800,0.05159200%
2016-11-09,13.8800,0.05156600%
2016-11-10,13.8800,0.05157900%
2016-11-11,13.8800,0.05159300%
2016-11-14,13.8800,0.05156600%
2016-11-16,13.8800,0.05158000%
2016-11-17,13.8800,0.05159300%
2016-11-18,13.8800,0.05156700%
2016-11-21,13.8800,0.05158000%
2016-11-22,13.8800,0.05159400%
2016-11-23,13.8800,0.05156700%
2016-11-24,13.8800,0.05158000%
2016-11-25,13.8800,0.05159400%
2016-11-28,13.8800,0.05156700%
2016-11-29,13.8800,0.05158100%
2016-11-30,13.8800,0.05159400%
2016-12-01,13.6300,0.05156700%
2016-12-02,13.6300,0.05070300%
2016-12-05,13.6300,0.05071700%
2016-12-06,13.6300,0.05069200%
2016-12-07,13.6300,0.05070600%
2016-12-08,13.6300,0.05072000%
2016-12-09,13.6300,0.05069400%
2016-12-12,13.6300,0.05070800%
2016-12-13,13.6300,0.05072200%
2016-12-14,13.6300,0.05069700%
2016-12-15,13.6300,0.05071100%
2016-12-16,13.6300,0.05072500%
2016-12-19,13.6300,0.05069900%
2016-12-20,13.6300,0.05071300%
2016-12-21,13.6300,0.05068700%
2016-12-22,13.6300,0.05070100%
2016-12-23,13.6300,0.05071500%
2016-12-26,13.6300,0.05068900%
2016-12-27,13.6300,0.05070300%
2016-12-28,13.6300,0.05071700%
2016-12-29,13.6300,0.05069100%
2016-12-30,13.6300,0.05070500%
2017-01-02,13.6300,0.05071900%
2017-01-03,13.6300,0.05069300%
2017-01-04,13.6300,0.05070700%
2017-01-05,13.6300,0.05072000%
2017-01-06,13.6300,0.05069500%
2017-01-09,13.6300,0.05070800%
2017-01-10,13.6300,0.05072200%
2017-01-11,13.6300,0.05069600%
2017-01-12,12.8800,0.05071000%
2017-01-13,12.8800,0.04809200%
2017-01-16,12.8800,0.04806900%
2017-01-17,12.8800,0.04808500%
2017-01-18,12.8800,0.04806200%
2017-01-19,12.8800,0.04807800%
2017-01-20,12.8800,0.04809400%
2017-01-23,12.8800,0.04807100%
2017-01-24,12.8800,0.04808700%
2017-01-25,12.8800,0.04806400%
2017-01-26,12.8800,0.04808000%
2017-01-27,12.8800,0.04809600%
2017-01-30,12.8800,0.04807300%
2017-01-31,12.8800,0.04808900%
2017-02-01,12.8800,0.04806500%
2017-02-02,12.8800,0.04808100%
2017-02-03,12.8800,0.04805800%
2017-02-06,12.8800,0.04807400%
2017-02-07,12.8800,0.04809000%
2017-02-08,12.8800,0.04806700%
2017-02-09,12.8800,0.04808300%
2017-02-10,12.8800,0.04806000%
2017-02-13,12.8800,0.04807500%
2017-02-14,12.8800,0.04809100%
2017-02-15,12.8800,0.04806800%
2017-02-16,12.8800,0.04808400%
2017-02-17,12.8800,0.04806100%
2017-02-20,12.8800,0.04807600%
2017-02-21,12.8800,0.04809200%
2017-02-22,12.8800,0.04806900%
2017-02-23,12.1300,0.04808500%
2017-02-24,12.1300,0.04542900%
2017-03-01,12.1300,0.04544700%
2017-03-02,12.1300,0.04542600%
2017-03-03,12.1300,0.04544400%
2017-03-06,12.1300,0.04542300%
2017-03-07,12.1300,0.04544100%
2017-03-08,12.1300,0.04542100%
2017-03-09,12.1300,0.04543900%
2017-03-10,12.1300,0.04541800%
2017-03-13,12.1300,0.04543600%
2017-03-14,12.1300,0.04541500%
2017-03-15,12.1300,0.04543300%
2017-03-16,12.1300,0.04545100%
2017-03-17,12.1300,0.04543100%
2017-03-20,12.1300,0.04544800%
2017-03-21,12.1300,0.04542800%
2017-03-22,12.1300,0.04544600%
2017-03-23,12.1300,0.04542500%
2017-03-24,12.1300,0.04544300%
2017-03-27,12.1300,0.04542200%
2017-03-28,12.1300,0.04544000%
2017-03-29,12.1300,0.04541900%
2017-03-30,12.1300,0.04543700%
2017-03-31,12.1300,0.04541600%
2017-04-03,12.1300,0.04543400%
2017-04-04,12.1300,0.04541300%
2017-04-05,12.1300,0.04543100%
2017-04-06,12.1300,0.04544900%
2017-04-07,12.1300,0.04542800%
2017-04-10,12.1300,0.04544600%
2017-04-11,12.1300,0.04542500%
2017-04-12,12.1300,0.04544200%
2017-04-13,11.1300,0.04542200%
2017-04-17,11.1300,0.04189200%
2017-04-18,11.1300,0.04187400%
2017-04-19,11.1300,0.04189500%
2017-04-20,11.1300,0.04187700%
2017-04-24,11.1300,0.04186000%
2017-04-25,11.1300,0.04188000%
2017-04-26,11.1300,0.04186300%
2017-04-27,11.1300,0.04188300%
2017-04-28,11.1300,0.04186600%
2017-05-02,11.1300,0.04188600%
2017-05-03,11.1300,0.04186900%
2017-05-04,11.1300,0.04188900%
2017-05-05,11.1300,0.04187200%
2017-05-08,11.1300,0.04189200%
2017-05-09,11.1300,0.04187500%
2017-05-10,11.1300,0.04189500%
2017-05-11,11.1300,0.04187700%
2017-05-12,11.1300,0.04186000%
2017-05-15,11.1300,0.04188000%
2017-05-16,11.1300,0.04186300%
2017-05-17,11.1300,0.04188300%
2017-05-18,11.1300,0.04186500%
2017-05-19,11.1300,0.04188600%
2017-05-22,11.1300,0.04186800%
2017-05-23,11.1300,0.04188800%
2017-05-24,11.1300,0.04187100%
2017-05-25,11.1300,0.04189100%
2017-05-26,11.1300,0.04187400%
2017-05-29,11.1300,0.04189400%
2017-05-30,11.1300,0.04187600%
2017-05-31,11.1300,0.04185900%
2017-06-01,10.1400,0.04187900%
2017-06-02,10.1400,0.03832300%
2017-06-05,10.1400,0.03830900%
2017-06-06,10.1400,0.03833200%
2017-06-07,10.1400,0.03831700%
2017-06-08,10.1400,0.03834000%
2017-06-09,10.1400,0.03832500%
2017-06-12,10.1400,0.03831000%
2017-06-13,10.1400,0.03833300%
2017-06-14,10.1400,0.03831900%
2017-06-16,10.1400,0.03834100%
2017-06-19,10.1400,0.03832700%
2017-06-20,10.1400,0.03831200%
2017-06-21,10.1400,0.03833500%
2017-06-22,10.1400,0.03832000%
2017-06-23,10.1400,0.03834300%
2017-06-26,10.1400,0.03832800%
2017-06-27,10.1400,0.03831400%
2017-06-28,10.1400,0.03833600%
2017-06-29,10.1400,0.03832200%
2017-06-30,10.1400,0.03834400%
2017-07-03,10.1400,0.03833000%
2017-07-04,10.1400,0.03831500%
2017-07-05,10.1400,0.03833800%
2017-07-06,10.1400,0.03832300%
2017-07-07,10.1400,0.03830800%
2017-07-10,10.1400,0.03833100%
2017-07-11,10.1400,0.03831600%
2017-07-12,10.1400,0.03833900%
2017-07-13,10.1400,0.03832400%
2017-07-14,10.1400,0.03830900%
2017-07-17,10.1400,0.03833200%
2017-07-18,10.1400,0.03831700%
2017-07-19,10.1400,0.03834000%
2017-07-20,10.1400,0.03832500%
2017-07-21,10.1400,0.03831000%
2017-07-24,10.1400,0.03833300%
2017-07-25,10.1400,0.03831800%
2017-07-26,10.1400,0.03834000%
2017-07-27,9.1400,0.03832600%
2017-07-28,9.1400,0.03471400%
2017-07-31,9.1400,0.03470200%
2017-08-01,9.1400,0.03469000%
2017-08-02,9.1400,0.03471500%
2017-08-03,9.1400,0.03470300%
2017-08-04,9.1400,0.03469100%
2017-08-07,9.1400,0.03471600%
2017-08-08,9.1400,0.03470400%
2017-08-09,9.1400,0.03469200%
2017-08-10,9.1400,0.03471700%
2017-08-11,9.1400,0.03470500%
2017-08-14,9.1400,0.03469300%
2017-08-15,9.1400,0.03471800%
2017-08-16,9.1400,0.03470600%
2017-08-17,9.1400,0.03469400%
2017-08-18,9.1400,0.03471800%
2017-08-21,9.1400,0.03470600%
2017-08-22,9.1400,0.03469400%
2017-08-23,9.1400,0.03471900%
2017-08-24,9.1400,0.03470700%
2017-08-25,9.1400,0.03469500%
2017-08-28,9.1400,0.03472000%
2017-08-29,9.1400,0.03470800%
2017-08-30,9.1400,0.03469600%
2017-08-31,9.1400,0.03472100%
2017-09-01,9.1400,0.03470800%
2017-09-04,9.1400,0.03469600%
2017-09-05,9.1400,0.03472100%
2017-09-06,9.1400,0.03470900%
2017-09-08,8.1400,0.03469700%
2017-09-11,8.1400,0.03105200%
2017-09-12,8.1400,0.03104200%
2017-09-13,8.1400,0.03106900%
2017-09-14,8.1400,0.03106000%
2017-09-15,8.1400,0.03105000%
2017-09-18,8.1400,0.03104000%
2017-09-19,8.1400,0.03106700%
2017-09-20,8.1400,0.03105800%
2017-09-21,8.1400,0.03104800%
2017-09-22,8.1400,0.03103800%
2017-09-25,8.1400,0.03106500%
2017-09-26,8.1400,0.03105600%
2017-09-27,8.1400,0.03104600%
2017-09-28,8.1400,0.03103600%
2017-09-29,8.1400,0.03106300%
2017-10-02,8.1400,0.03105400%
2017-10-03,8.1400,0.03104400%
2017-10-04,8.1400,0.03107100%
2017-10-05,8.1400,0.03106100%
2017-10-06,8.1400,0.03105200%
2017-10-09,8.1400,0.03104200%
2017-10-10,8.1400,0.03106900%
2017-10-11,8.1400,0.03105900%
2017-10-13,8.1400,0.03105000%
2017-10-16,8.1400,0.03104000%
2017-10-17,8.1400,0.03106700%
2017-10-18,8.1400,0.03105700%
2017-10-19,8.1400,0.03104700%
2017-10-20,8.1400,0.03103800%
2017-10-23,8.1400,0.03106500%
2017-10-24,8.1400,0.03105500%
2017-10-25,8.1400,0.03104500%
2017-10-26,7.3900,0.03107200%
2017-10-27,7.3900,0.02830200%
2017-10-30,7.3900,0.02829400%
2017-10-31,7.3900,0.02828600%
2017-11-01,7.3900,0.02827800%
2017-11-03,7.3900,0.02830600%
2017-11-06,7.3900,0.02829800%
2017-11-07,7.3900,0.02829000%
2017-11-08,7.3900,0.02828200%
2017-11-09,7.3900,0.02831000%
2017-11-10,7.3900,0.02830200%
2017-11-13,7.3900,0.02829400%
2017-11-14,7.3900,0.02828600%
2017-11-16,7.3900,0.02827800%
2017-11-17,7.3900,0.02830600%
2017-11-20,7.3900,0.02829800%
2017-11-21,7.3900,0.02829000%
2017-11-22,7.3900,0.02828200%
2017-11-23,7.3900,0.02831000%
2017-11-24,7.3900,0.02830200%
2017-11-27,7.3900,0.02829400%
2017-11-28,7.3900,0.02828600%
2017-11-29,7.3900,0.02827800%
2017-11-30,7.3900,0.02830600%
2017-12-01,7.3900,0.02829800%
2017-12-04,7.3900,0.02829000%
2017-12-05,7.3900,0.02828200%
2017-12-06,7.3900,0.02827400%
2017-12-07,6.8900,0.02830300%
2017-12-08,6.8900,0.02645700%
2017-12-11,6.8900,0.02645000%
2017-12-12,6.8900,0.02644300%
2017-12-13,6.8900,0.02643600%
2017-12-14,6.8900,0.02642900%
2017-12-15,6.8900,0.02645800%
2017-12-18,6.8900,0.02645100%
2017-12-19,6.8900,0.02644400%
2017-12-20,6.8900,0.02643700%
2017-12-21,6.8900,0.02643000%
2017-12-22,6.8900,0.02642300%
2017-12-26,6.8900,0.02645200%
2017-12-27,6.8900,0.02644500%
2017-12-28,6.8900,0.02643800%
2017-12-29,6.8900,0.02643100%
2018-01-02,6.8900,0.02642400%
2018-01-03,6.8900,0.02645300%
2018-01-04,6.8900,0.02644600%
2018-01-05,6.8900,0.02643900%
2018-01-08,6.8900,0.02643200%
2018-01-09,6.8900,0.02642500%
2018-01-10,6.8900,0.02645300%
2018-01-11,6.8900,0.02644600%
2018-01-12,6.8900,0.02643900%
2018-01-15,6.8900,0.02643200%
2018-01-16,6.8900,0.02642500%
2018-01-17,6.8900,0.02645400%
2018-01-18,6.8900,0.02644700%
2018-01-19,6.8900,0.02644000%
2018-01-22,6.8900,0.02643300%
2018-01-23,6.8900,0.02642600%
2018-01-24,6.8900,0.02645500%
2018-01-25,6.8900,0.02644800%
2018-01-26,6.8900,0.02644100%
2018-01-29,6.8900,0.02643400%
2018-01-30,6.8900,0.02642700%
2018-01-31,6.8900,0.02645600%
2018-02-01,6.8900,0.02644900%
2018-02-02,6.8900,0.02644200%
2018-02-05,6.8900,0.02643500%
2018-02-06,6.8900,0.02642800%
2018-02-07,6.8900,0.02645700%
2018-02-08,6.6400,0.02645000%
2018-02-09,6.6400,0.02551600%
2018-02-14,6.6400,0.02551000%
2018-02-15,6.6400,0.02550300%
2018-02-16,6.6400,0.02549700%
2018-02-19,6.6400,0.02552600%
2018-02-20,6.6400,0.02551900%
2018-02-21,6.6400,0.02551300%
2018-02-22,6.6400,0.02550600%
2018-02-23,6.6400,0.02550000%
2018-02-26,6.6400,0.02552900%
2018-02-27,6.6400,0.02552200%
2018-02-28,6.6400,0.02551600%
2018-03-01,6.6400,0.02550900%
2018-03-02,6.6400,0.02550300%
2018-03-05,6.6400,0.02549600%
2018-03-06,6.6400,0.02552500%
2018-03-07,6.6400,0.02551900%
2018-03-08,6.6400,0.02551200%
2018-03-09,6.6400,0.02550600%
2018-03-12,6.6400,0.02549900%
2018-03-13,6.6400,0.02552800%
2018-03-14,6.6400,0.02552200%
2018-03-15,6.6400,0.02551500%
2018-03-16,6.6400,0.02550900%
2018-03-19,6.6400,0.02550200%
2018-03-20,6.6400,0.02549600%
2018-03-21,6.6400,0.02552400%
2018-03-22,6.3900,0.02551800%
2018-03-23,6.3900,0.02459200%
2018-03-26,6.3900,0.02458500%
2018-03-27,6.3900,0.02457900%
2018-03-28,6.3900,0.02457300%
2018-03-29,6.3900,0.02456700%
2018-04-02,6.3900,0.02459700%
2018-04-03,6.3900,0.02459100%
2018-04-04,6.3900,0.02458500%
2018-04-05,6.3900,0.02457900%
2018-04-06,6.3900,0.02457200%
2018-04-09,6.3900,0.02456600%
2018-04-10,6.3900,0.02459600%
2018-04-11,6.3900,0.02459000%
2018-04-12,6.3900,0.02458400%
2018-04-13,6.3900,0.02457800%
2018-04-16,6.3900,0.02457200%
2018-04-17,6.3900,0.02456600%
2018-04-18,6.3900,0.02459500%
2018-04-19,6.3900,0.02458900%
2018-04-20,6.3900,0.02458300%
2018-04-23,6.3900,0.02457700%
2018-04-24,6.3900,0.02457100%
2018-04-25,6.3900,0.02456400%
2018-04-26,6.3900,0.02459400%
2018-04-27,6.3900,0.02458800%
2018-04-30,6.3900,0.02458200%
2018-05-02,6.3900,0.02457600%
2018-05-03,6.3900,0.02456900%
2018-05-04,6.3900,0.02456300%
2018-05-07,6.3900,0.02459300%
2018-05-08,6.3900,0.02458600%
2018-05-09,6.3900,0.02458000%
2018-05-10,6.3900,0.02457400%
2018-05-11,6.3900,0.02456800%
2018-05-14,6.3900,0.02459700%
2018-05-15,6.3900,0.02459100%
2018-05-16,6.3900,0.02458500%
2018-05-17,6.3900,0.02457900%
2018-05-18,6.3900,0.02457300%
2018-05-21,6.3900,0.02456700%
2018-05-22,6.3900,0.02459600%
2018-05-23,6.3900,0.02459000%
2018-05-24,6.3900,0.02458400%
2018-05-25,6.3900,0.02457800%
2018-05-28,6.3900,0.02457200%
2018-05-29,6.3900,0.02456600%
2018-05-30,6.3900,0.02459500%
2018-06-01,6.3900,0.02458900%
2018-06-04,6.3900,0.02458300%
2018-06-05,6.3900,0.02457700%
2018-06-06,6.3900,0.02457100%
2018-06-07,6.3900,0.02456500%
2018-06-08,6.3900,0.02459400%
2018-06-11,6.3900,0.02458800%
2018-06-12,6.3900,0.02458200%
2018-06-13,6.3900,0.02457500%
2018-06-14,6.3900,0.02456900%
2018-06-15,6.3900,0.02456300%
2018-06-18,6.3900,0.02459200%
2018-06-19,6.3900,0.02458600%
2018-06-20,6.3900,0.02458000%
2018-06-21,6.3900,0.02457400%
2018-06-22,6.3900,0.02456800%
2018-06-25,6.3900,0.02459700%
2018-06-26,6.3900,0.02459100%
2018-06-27,6.3900,0.02458500%
2018-06-28,6.3900,0.02457900%
2018-06-29,6.3900,0.02457300%
2018-07-02,6.3900,0.02456700%
2018-07-03,6.3900,0.02459500%
2018-07-04,6.3900,0.02458900%
2018-07-05,6.3900,0.02458300%
2018-07-06,6.3900,0.02457700%
2018-07-09,6.3900,0.02457100%
2018-07-10,6.3900,0.02456500%
2018-07-11,6.3900,0.02459400%
2018-07-12,6.3900,0.02458800%
2018-07-13,6.3900,0.02458200%
2018-07-16,6.3900,0.02457600%
2018-07-17,6.3900,0.02457000%
2018-07-18,6.3900,0.02456400%
2018-07-19,6.3900,0.02459200%
2018-07-20,6.3900,0.02458600%
2018-07-23,6.3900,0.02458000%
2018-07-24,6.3900,0.02457400%
2018-07-25,6.3900,0.02456800%
2018-07-26,6.3900,0.02459700%
2018-07-27,6.3900,0.02459100%
2018-07-30,6.3900,0.02458500%
2018-07-31,6.3900,0.02457900%
2018-08-01,6.3900,0.02457300%
2018-08-02,6.3900,0.02456700%
2018-08-03,6.3900,0.02459500%
2018-08-06,6.3900,0.02458900%
2018-08-07,6.3900,0.02458300%
2018-08-08,6.3900,0.02457700%
2018-08-09,6.3900,0.02457100%
2018-08-10,6.3900,0.02456500%
2018-08-13,6.3900,0.02459300%
2018-08-14,6.3900,0.02458700%
2018-08-15,6.3900,0.02458100%
2018-08-16,6.3900,0.02457500%
2018-08-17,6.3900,0.02456900%
2018-08-20,6.3900,0.02456300%
2018-08-21,6.3900,0.02459200%
2018-08-22,6.3900,0.02458600%
2018-08-23,6.3900,0.02458000%
2018-08-24,6.3900,0.02457400%
2018-08-27,6.3900,0.02456800%
2018-08-28,6.3900,0.02459600%
2018-08-29,6.3900,0.02459000%
2018-08-30,6.3900,0.02458400%
2018-08-31,6.3900,0.02457800%
2018-09-03,6.3900,0.02457200%
2018-09-04,6.3900,0.02456600%
2018-09-05,6.3900,0.02459400%
2018-09-06,6.3900,0.02458800%
2018-09-10,6.3900,0.02458200%
2018-09-11,6.3900,0.02457600%
2018-09-12,6.3900,0.02457000%
2018-09-13,6.3900,0.02456400%
2018-09-14,6.3900,0.02459200%
2018-09-17,6.3900,0.02458600%
2018-09-18,6.3900,0.02458000%
2018-09-19,6.3900,0.02457400%
2018-09-20,6.3900,0.02456800%
2018-09-21,6.3900,0.02459600%
2018-09-24,6.3900,0.02459000%
2018-09-25,6.3900,0.02458400%
2018-09-26,6.3900,0.02457800%
2018-09-27,6.3900,0.02457200%
2018-09-28,6.3900,0.02456600%
2018-10-01,6.4000,0.02459400%
2018-10-02,6.4000,0.02462200%
2018-10-03,6.4000,0.02461600%
2018-10-04,6.4000,0.02461000%
2018-10-05,6.4000,0.02460400%
2018-10-08,6.4000,0.02463200%
2018-10-09,6.4000,0.02462600%
2018-10-10,6.4000,0.02462000%
2018-10-11,6.4000,0.02461400%
2018-10-15,6.4000,0.02460800%
2018-10-16,6.4000,0.02460200%
2018-10-17,6.4000,0.02463000%
2018-10-18,6.4000,0.02462400%
2018-10-19,6.4000,0.02461800%
2018-10-22,6.4000,0.02461200%
2018-10-23,6.4000,0.02460600%
2018-10-24,6.4000,0.02463400%
2018-10-25,6.4000,0.02462800%
2018-10-26,6.4000,0.02462200%
2018-10-29,6.4000,0.02461600%
2018-10-30,6.4000,0.02461000%
2018-10-31,6.4000,0.02460400%
2018-11-01,6.4000,0.02463200%
2018-11-05,6.4000,0.02462600%
2018-11-06,6.4000,0.02462000%
2018-11-07,6.4000,0.02461400%
2018-11-08,6.4000,0.02460800%
2018-11-09,6.4000,0.02460100%
2018-11-12,6.4000,0.02462900%
2018-11-13,6.4000,0.02462300%
2018-11-14,6.4000,0.02461700%
2018-11-16,6.4000,0.02461100%
2018-11-19,6.4000,0.02460500%
2018-11-20,6.4000,0.02463300%
2018-11-21,6.4000,0.02462700%
2018-11-22,6.4000,0.02462100%
2018-11-23,6.4000,0.02461500%
2018-11-26,6.4000,0.02460900%
2018-11-27,6.4000,0.02460300%
2018-11-28,6.4000,0.02463100%
2018-11-29,6.4000,0.02462500%
2018-11-30,6.4000,0.02461900%
2018-12-03,6.4000,0.02461300%
2018-12-04,6.4000,0.02460600%
2018-12-05,6.4000,0.02460000%
2018-12-06,6.4000,0.02462800%
2018-12-07,6.4000,0.02462200%
2018-12-10,6.4000,0.02461600%
2018-12-11,6.4000,0.02461000%
2018-12-12,6.4000,0.02460400%
2018-12-13,6.4000,0.02463200%
2018-12-14,6.4000,0.02462600%
2018-12-17,6.4000,0.02462000%
2018-12-18,6.4000,0.02461400%
2018-12-19,6.4000,0.02460800%
2018-12-20,6.4000,0.02460100%
2018-12-21,6.4000,0.02462900%
2018-12-24,6.4000,0.02462300%
2018-12-26,6.4000,0.02461700%
2018-12-27,6.4000,0.02461100%
2018-12-28,6.4000,0.02460500%
2018-12-31,6.4000,0.02463300%
2019-01-02,6.4000,0.02462700%
2019-01-03,6.4000,0.02462100%
2019-01-04,6.4000,0.02461400%
2019-01-07,6.4000,0.02460800%
2019-01-08,6.4000,0.02460200%
2019-01-09,6.4000,0.02463000%
2019-01-10,6.4000,0.02462400%
2019-01-11,6.4000,0.02461800%
2019-01-14,6.4000,0.02461200%
2019-01-15,6.4000,0.02460600%
2019-01-16,6.4000,0.02463300%
2019-01-17,6.4000,0.02462700%
2019-01-18,6.4000,0.02462100%
2019-01-21,6.4000,0.02461500%
2019-01-22,6.4000,0.02460900%
2019-01-23,6.4000,0.02460300%
2019-01-24,6.4000,0.02463100%
2019-01-25,6.4000,0.02462500%
2019-01-28,6.4000,0.02461800%
2019-01-29,6.4000,0.02461200%
2019-01-30,6.4000,0.02460600%
2019-01-31,6.4000,0.02463400%
2019-02-01,6.4000,0.02462800%
2019-02-04,6.4000,0.02462200%
2019-02-05,6.4000,0.02461600%
2019-02-06,6.4000,0.02461000%
2019-02-07,6.4000,0.02460400%
2019-02-08,6.4000,0.02463100%
2019-02-11,6.4000,0.02462500%
2019-02-12,6.4000,0.02461900%
2019-02-13,6.4000,0.02461300%
2019-02-14,6.4000,0.02460700%
2019-02-15,6.4000,0.02460100%
2019-02-18,6.4000,0.02462800%
2019-02-19,6.4000,0.02462200%
2019-02-20,6.4000,0.02461600%
2019-02-21,6.4000,0.02461000%
2019-02-22,6.4000,0.02460400%
2019-02-25,6.4000,0.02463100%
2019-02-26,6.4000,0.02462500%
2019-02-27,6.4000,0.02461900%
2019-02-28,6.4000,0.02461300%
2019-03-01,6.4000,0.02460700%
2019-03-06,6.4000,0.02460100%
2019-03-07,6.4000,0.02462800%
2019-03-08,6.4000,0.02462200%
2019-03-11,6.4000,0.02461600%
2019-03-12,6.4000,0.02461000%
2019-03-13,6.4000,0.02460400%
2019-03-14,6.4000,0.02463100%
2019-03-15,6.4000,0.02462500%
2019-03-18,6.4000,0.02461900%
2019-03-19,6.4000,0.02461300%
2019-03-20,6.4000,0.02460700%
2019-03-21,6.4000,0.02460100%
2019-03-22,6.4000,0.02462800%
2019-03-25,6.4000,0.02462200%
2019-03-26,6.4000,0.02461600%
2019-03-27,6.4000,0.02461000%
2019-03-28,6.4000,0.02460400%
2019-03-29,6.4000,0.02463100%
2019-04-01,6.4000,0.02462500%
2019-04-02,6.4000,0.02461900%
2019-04-03,6.4000,0.02461300%
2019-04-04,6.4000,0.02460700%
2019-04-05,6.4000,0.02460100%
2019-04-08,6.4000,0.02462800%
2019-04-09,6.4000,0.02462200%
2019-04-10,6.4000,0.02461600%
2019-04-11,6.4000,0.02461000%
2019-04-12,6.4000,0.02460400%
2019-04-15,6.4000,0.02463100%
2019-04-16,6.4000,0.02462500%
2019-04-17,6.4000,0.02461900%
2019-04-18,6.4000,0.02461300%
2019-04-22,6.4000,0.02460700%
2019-04-23,6.4000,0.02463400%
2019-04-24,6.4000,0.02462800%
2019-04-25,6.4000,0.02462200%
2019-04-26,6.4000,0.02461500%
2019-04-29,6.4000,0.02460900%
2019-04-30,6.4000,0.02460300%
2019-05-02,6.4000,0.02463000%
2019-05-03,6.4000,0.02462400%
2019-05-06,6.4000,0.02461800%
2019-05-07,6.4000,0.02461200%
2019-05-08,6.4000,0.02460600%
2019-05-09,6.4000,0.02463300%
2019-05-10,6.4000,0.02462700%
2019-05-13,6.4000,0.02462100%
2019-05-14,6.4000,0.02461500%
2019-05-15,6.4000,0.02460900%
2019-05-16,6.4000,0.02460300%
2019-05-17,6.4000,0.02463000%
2019-05-20,6.4000,0.02462400%
2019-05-21,6.4000,0.02461800%
2019-05-22,6.4000,0.02461200%
2019-05-23,6.4000,0.02460500%
2019-05-24,6.4000,0.02463200%
2019-05-27,6.4000,0.02462600%
2019-05-28,6.4000,0.02462000%
2019-05-29,6.4000,0.02461400%
2019-05-30,6.4000,0.02460800%
2019-05-31,6.4000,0.02460200%
2019-06-03,6.4000,0.02462900%
2019-06-04,6.4000,0.02462300%
2019-06-05,6.4000,0.02461700%
2019-06-06,6.4000,0.02461100%
2019-06-07,6.4000,0.02460500%
2019-06-10,6.4000,0.02463100%
2019-06-11,6.4000,0.02462500%
2019-06-12,6.4000,0.02461900%
2019-06-13,6.4000,0.02461300%
2019-06-14,6.4000,0.02460700%
2019-06-17,6.4000,0.02460100%
2019-06-18,6.4000,0.02462800%
2019-06-19,6.4000,0.02462200%
2019-06-21,6.4000,0.02461600%
2019-06-24,6.4000,0.02461000%
2019-06-25,6.4000,0.02460400%
2019-06-26,6.4000,0.02463000%
2019-06-27,6.4000,0.02462400%
2019-06-28,6.4000,0.02461800%
2019-07-01,6.4000,0.02461200%
2019-07-02,6.4000,0.02460600%
2019-07-03,6.4000,0.02463300%
2019-07-04,6.4000,0.02462700%
2019-07-05,6.4000,0.02462100%
2019-07-08,6.4000,0.02461500%
2019-07-09,6.4000,0.02460800%
2019-07-10,6.4000,0.02460200%
2019-07-11,6.4000,0.02462900%
2019-07-12,6.4000,0.02462300%
2019-07-15,6.4000,0.02461700%
2019-07-16,6.4000,0.02461100%
2019-07-17,6.4000,0.02460500%
2019-07-18,6.4000,0.02463100%
2019-07-19,6.4000,0.02462500%
2019-07-22,6.4000,0.02461900%
2019-07-23,6.4000,0.02461300%
2019-07-24,6.4000,0.02460700%
2019-07-25,6.4000,0.02460100%
2019-07-26,6.4000,0.02462800%
2019-07-29,6.4000,0.02462200%
2019-07-30,6.4000,0.02461500%
2019-07-31,6.4000,0.02460900%
2019-08-01,5.9000,0.02460300%
2019-08-02,5.9000,0.02274300%
2019-08-05,5.9000,0.02273800%
2019-08-06,5.9000,0.02273300%
2019-08-07,5.9000,0.02276000%
2019-08-08,5.9000,0.02275500%
2019-08-09,5.9000,0.02275000%
2019-08-12,5.9000,0.02274400%
2019-08-13,5.9000,0.02273900%
2019-08-14,5.9000,0.02273400%
2019-08-15,5.9000,0.02276100%
2019-08-16,5.9000,0.02275600%
2019-08-19,5.9000,0.02275100%
2019-08-20,5.9000,0.02274600%
2019-08-21,5.9000,0.02274100%
2019-08-22,5.9000,0.02273600%
2019-08-23,5.9000,0.02276300%
2019-08-26,5.9000,0.02275800%
2019-08-27,5.9000,0.02275200%
2019-08-28,5.9000,0.02274700%
2019-08-29,5.9000,0.02274200%
2019-08-30,5.9000,0.02273700%
2019-09-02,5.9000,0.02276400%
2019-09-03,5.9000,0.02275900%
2019-09-04,5.9000,0.02275400%
2019-09-05,5.9000,0.02274900%
2019-09-06,5.9000,0.02274300%
2019-09-09,5.9000,0.02273800%
2019-09-10,5.9000,0.02273300%
2019-09-11,5.9000,0.02276000%
2019-09-12,5.9000,0.02275500%
2019-09-13,5.9000,0.02275000%
2019-09-16,5.9000,0.02274500%
2019-09-17,5.9000,0.02274000%
2019-09-18,5.9000,0.02273400%
2019-09-19,5.4000,0.02276100%
2019-09-20,5.4000,0.02088400%
2019-09-23,5.4000,0.02088000%
2019-09-24,5.4000,0.02087600%
2019-09-25,5.4000,0.02087100%
2019-09-26,5.4000,0.02086700%
2019-09-27,5.4000,0.02086300%
2019-09-30,5.4000,0.02085800%
2019-10-01,5.4000,0.02088600%
2019-10-02,5.4000,0.02088200%
2019-10-03,5.4000,0.02087700%
2019-10-04,5.4000,0.02087300%
2019-10-07,5.4000,0.02086900%
2019-10-08,5.4000,0.02086400%
2019-10-09,5.4000,0.02086000%
2019-10-10,5.4000,0.02085600%
2019-10-11,5.4000,0.02088300%
2019-10-14,5.4000,0.02087900%
2019-10-15,5.4000,0.02087500%
2019-10-16,5.4000,0.02087000%
2019-10-17,5.4000,0.02086600%
2019-10-18,5.4000,0.02086200%
2019-10-21,5.4000,0.02085700%
2019-10-22,5.4000,0.02088500%
2019-10-23,5.4000,0.02088100%
2019-10-24,5.4000,0.02087600%
2019-10-25,5.4000,0.02087200%
2019-10-28,5.4000,0.02086800%
2019-10-29,5.4000,0.02086300%
2019-10-30,5.4000,0.02085900%
2019-10-31,4.9000,0.02085500%
2019-11-01,4.9000,0.01899000%
2019-11-04,4.9000,0.01898600%
2019-11-05,4.9000,0.01898300%
2019-11-06,4.9000,0.01897900%
2019-11-07,4.9000,0.01897500%
2019-11-08,4.9000,0.01897200%
2019-11-11,4.9000,0.01896800%
2019-11-12,4.9000,0.01899700%
2019-11-13,4.9000,0.01899300%
2019-11-14,4.9000,0.01899000%
2019-11-18,4.9000,0.01898600%
2019-11-19,4.9000,0.01898200%
2019-11-20,4.9000,0.01897900%
2019-11-21,4.9000,0.01897500%
2019-11-22,4.9000,0.01897100%
2019-11-25,4.9000,0.01896800%
2019-11-26,4.9000,0.01899600%
2019-11-27,4.9000,0.01899300%
2019-11-28,4.9000,0.01898900%
2019-11-29,4.9000,0.01898500%
2019-12-02,4.9000,0.01898200%
2019-12-03,4.9000,0.01897800%
2019-12-04,4.9000,0.01897500%
2019-12-05,4.9000,0.01897100%
2019-12-06,4.9000,0.01896700%
2019-12-09,4.9000,0.01899600%
2019-12-10,4.9000,0.01899200%
2019-12-11,4.9000,0.01898900%
2019-12-12,4.4000,0.01898500%
2019-12-13,4.4000,0.01709900%
2019-12-16,4.4000,0.01709600%
2019-12-17,4.4000,0.01709300%
2019-12-18,4.4000,0.01709100%
2019-12-19,4.4000,0.01708800%
2019-12-20,4.4000,0.01708500%
2019-12-23,4.4000,0.01708200%
2019-12-24,4.4000,0.01707900%
2019-12-26,4.4000,0.01707600%
2019-12-27,4.4000,0.01707300%
2019-12-30,4.4000,0.01710200%
2019-12-31,4.4000,0.01709900%
2020-01-02,4.4000,0.01709600%
2020-01-03,4.4000,0.01709300%
2020-01-06,4.4000,0.01709000%
2020-01-07,4.4000,0.01708700%
2020-01-08,4.4000,0.01708400%
2020-01-09,4.4000,0.01708200%
2020-01-10,4.4000,0.01707900%
2020-01-13,4.4000,0.01707600%
2020-01-14,4.4000,0.01707300%