data,cota,pl
2012-03-07,1.0000000000,450000.0000000000
2012-03-08,1.0003475000,450156.3900000000
2012-03-09,1.0006704000,450301.7000000000
2012-03-12,1.0012742000,1800573.3900000000
2012-03-13,1.0052404000,1807705.8600000000
2012-03-14,1.0063897000,1809772.6500000000
2012-03-15,0.9878702000,2676469.3300000000
2012-03-16,0.9850185000,2668743.0600000000
2012-03-19,0.9819764000,2660501.1600000000
2012-03-20,0.9833829000,2664311.8700000000
2012-03-21,0.9888826000,2679212.3700000000
2012-03-22,0.9901081000,2682532.6300000000
2012-03-23,0.9891003000,2679802.0400000000
2012-03-26,0.9859963000,2671392.3400000000
2012-03-27,0.9891418000,2679914.5000000000
2012-03-28,0.9901875000,2682747.7700000000
2012-03-29,0.9910057000,2684964.5800000000
2012-03-30,0.9900319000,2682326.1700000000
2012-04-02,0.9946444000,2694822.9500000000
2012-04-03,1.0024079000,2715856.7800000000
2012-04-04,1.0096234000,2735406.0000000000
2012-04-05,1.0088405000,2733284.8300000000
2012-04-09,1.0108039000,2738604.3800000000
2012-04-10,1.0099811000,2736375.1700000000
2012-04-11,1.0097203000,2735668.6000000000
2012-04-12,1.0101358000,2836794.4100000000
2012-04-13,1.0037501000,2818861.0700000000
2012-04-16,0.9998225000,2807831.0800000000
2012-04-17,1.0089033000,2833332.9200000000
2012-04-18,1.0113737000,2840270.6100000000
2012-04-19,1.0494613000,2947233.3300000000
2012-04-20,1.0511836000,2952069.9800000000
2012-04-23,1.0426525000,2928111.9300000000
2012-04-24,1.0463464000,2938485.6600000000
2012-04-25,1.0460825000,2937744.3200000000
2012-04-26,1.0497487000,2948040.2200000000
2012-04-27,1.0571597000,3068852.7600000000
2012-04-30,1.0585727000,3072954.7700000000
2012-05-02,1.0673103000,3098319.2500000000
2012-05-03,1.0715510000,3110629.7000000000
2012-05-04,1.0826077000,3142726.4500000000
2012-05-07,1.0791586000,3132713.9200000000
2012-05-08,1.0741590000,3118200.6200000000
2012-05-09,1.0653265000,3092560.4700000000
2012-05-10,1.0684423000,3121605.3600000000
2012-05-11,1.0753406000,3141759.8200000000
2012-05-14,1.0801747000,3155883.3100000000
2012-05-15,1.0906757000,3186563.3000000000
2012-05-16,1.1007873000,3216106.0200000000
2012-05-17,1.1007739000,3216066.8400000000
2012-05-18,1.1013082000,3217627.6600000000
2012-05-21,1.0866634000,3174840.8300000000
2012-05-22,1.0830496000,3164282.6400000000
2012-05-23,1.0814703000,3159668.6400000000
2012-05-24,1.0410786000,3041658.5000000000
2012-05-25,1.0413675000,3042502.4500000000
2012-05-28,1.0427809000,3146632.1300000000
2012-05-29,1.0366211000,3128044.6000000000
2012-05-30,1.0345062000,3141662.6600000000
2012-05-31,1.0375514000,3133842.4200000000
2012-06-01,1.0393269000,3439205.2700000000
2012-06-04,1.0371197000,3431901.4100000000
2012-06-05,1.0369991000,3431502.4000000000
2012-06-06,1.0362681000,3449083.5500000000
2012-06-08,1.0416979000,3467155.8400000000
2012-06-11,1.0467443000,3483952.0600000000
2012-06-12,1.0485428000,3489938.0700000000
2012-06-13,1.0426354000,3470276.0300000000
2012-06-14,1.0443942000,3476130.0600000000
2012-06-15,1.0428395000,3470955.5400000000
2012-06-18,1.0435879000,3473446.3300000000
2012-06-19,1.0424090000,3469522.7300000000
2012-06-20,1.0413764000,3466085.7800000000
2012-06-21,1.0434824000,3473095.2100000000
2012-06-22,1.0425148000,3469874.6800000000
2012-06-25,1.0475361000,3486587.5800000000
2012-06-26,1.0475522000,3486640.9200000000
2012-06-27,1.0482808000,3489066.1500000000
2012-06-28,1.0493616000,3492663.3800000000
2012-06-29,1.0461637000,3482019.6300000000
2012-07-02,1.0469387000,3464504.1700000000
2012-07-03,1.0432081000,3452158.9800000000
2012-07-04,1.0430617000,3451674.5500000000
2012-07-05,1.0377449000,3434080.4200000000
2012-07-06,1.0450046000,3458103.8700000000
2012-07-09,1.0456963000,3460392.9600000000
2012-07-10,1.0531898000,3485190.1600000000
2012-07-11,1.0538604000,3487409.4500000000
2012-07-12,1.0545404000,3489659.4900000000
2012-07-13,1.0491231000,3491732.9000000000
2012-07-16,1.0517980000,3500635.5700000000
2012-07-17,1.0514934000,3499621.6200000000
2012-07-18,1.0532584000,3505496.1300000000
2012-07-19,1.0609062000,3530949.7500000000
2012-07-20,1.0622464000,3535410.1600000000
2012-07-23,1.0671304000,3551665.4500000000
2012-07-24,1.0657393000,3547035.4400000000
2012-07-25,1.0673751000,3552479.7600000000
2012-07-26,1.0655346000,3546354.1500000000
2012-07-27,1.0582997000,3522274.7400000000
2012-07-30,1.0624204000,3535989.4300000000
2012-07-31,1.0661942000,3548549.5000000000
2012-08-01,1.0655506000,3546407.4800000000
2012-08-02,1.0685051000,3556240.7100000000
2012-08-03,1.0681036000,3534720.9100000000
2012-08-06,1.0672319000,3531836.1900000000
2012-08-07,1.0697070000,3540027.1400000000
2012-08-08,1.0560075000,3494690.8300000000
2012-08-09,1.0636859000,3520101.4800000000
2012-08-10,1.0635679000,3519710.6600000000
2012-08-13,1.0696590000,3539868.3300000000
2012-08-14,1.0740152000,3554284.5900000000
2012-08-15,1.0715153000,3546011.3500000000
2012-08-16,1.0672352000,3531847.0700000000
2012-08-17,1.0693230000,3538756.3000000000
2012-08-20,1.0712800000,3545232.8500000000
2012-08-21,1.0716010000,3546295.0300000000
2012-08-22,1.0719403000,3547417.8400000000
2012-08-23,1.0722427000,3548418.8600000000
2012-08-24,1.0724225000,3549013.7600000000
2012-08-27,1.0726883000,3549893.4600000000
2012-08-28,1.0729660000,3550812.4700000000
2012-08-29,1.0732551000,3551769.0000000000
2012-08-30,1.0735254000,3552663.5200000000
2012-08-31,1.0737693000,3553470.5900000000
2012-09-03,1.0740152000,3554284.6200000000
2012-09-04,1.0742654000,3555112.3800000000
2012-09-05,1.0745154000,3555939.9700000000
2012-09-06,1.0747543000,3576730.3200000000
2012-09-10,1.0750157000,3577600.2400000000
2012-09-11,1.0752680000,3578440.0100000000
2012-09-12,1.0755351000,3579328.9900000000
2012-09-13,1.0757943000,3580191.6400000000
2012-09-14,1.0760558000,3581061.8400000000
2012-09-17,1.0763210000,3581944.3800000000
2012-09-18,1.0765640000,3582753.0800000000
2012-09-19,1.0768255000,3583623.2700000000
2012-09-20,1.0770871000,3584493.7400000000
2012-09-21,1.0773526000,3585377.4800000000
2012-09-24,1.0776182000,3586261.2700000000
2012-09-25,1.0778838000,3587145.4400000000
2012-09-26,1.0781462000,3588018.6800000000
2012-09-27,1.0784122000,3588903.7400000000
2012-09-28,1.0786819000,3589801.4000000000
2012-10-01,1.0780266000,3587620.4800000000
2012-10-02,1.0783038000,3588542.8800000000
2012-10-03,1.0785931000,3589505.9300000000
2012-10-04,1.0788874000,3590485.3000000000
2012-10-05,1.0791801000,3591459.2200000000
2012-10-08,1.0795269000,3592613.3900000000
2012-10-09,1.0798332000,3593632.7700000000
2012-10-10,1.0800153000,3594238.8800000000
2012-10-11,1.0803371000,3595309.8400000000
2012-10-15,1.0806138000,3596230.5900000000
2012-10-16,1.0809100000,3597216.3900000000
2012-10-17,1.0808382000,3596977.3500000000
2012-10-18,1.0804275000,3815610.6100000000
2012-10-19,1.0809817000,4167567.7000000000
2012-10-22,1.0815236000,4169657.1000000000
2012-10-23,1.0822452000,4172439.0100000000
2012-10-24,1.0820806000,4171804.4000000000
2012-10-25,1.0791989000,4160694.3600000000
2012-10-26,1.0793479000,4161268.7600000000
2012-10-29,1.0802036000,4164568.0400000000
2012-10-30,1.0813446000,4168967.0200000000
2012-10-31,1.0810071000,4167665.6100000000
2012-11-01,1.0808236000,4166958.1800000000
2012-11-05,1.0807639000,4166728.2500000000
2012-11-06,1.0778775000,4155600.0800000000
2012-11-07,1.0755969000,4146807.5800000000
2012-11-08,1.0797643000,4162874.1200000000
2012-11-09,1.0791889000,4160655.8000000000
2012-11-12,1.0804970000,4165698.9500000000
2012-11-13,1.0806989000,4166477.4000000000
2012-11-14,1.0812362000,4168548.9900000000
2012-11-16,1.0804996000,4165709.2300000000
2012-11-19,1.0839733000,4179101.4800000000
2012-11-20,1.0847398000,4182056.5900000000
2012-11-21,1.0860572000,4187135.6000000000
2012-11-22,1.0893362000,4199777.5100000000
2012-11-23,1.0704562000,4096750.6900000000
2012-11-26,1.0705475000,4097100.2900000000
2012-11-27,1.0660941000,4080056.7000000000
2012-11-28,1.0715028000,4100756.3500000000
2012-11-29,1.0794809000,4131289.5300000000
2012-11-30,1.0995530000,4176575.1900000000
2012-12-03,1.0979748000,4170580.6200000000
2012-12-04,1.0926911000,4150510.5700000000
2012-12-05,1.0614818000,4031964.3400000000
2012-12-06,1.0748636000,4082794.0200000000
2012-12-07,1.0636794000,4040311.6200000000
2012-12-10,1.0607990000,4029370.7700000000
2012-12-11,1.0547995000,4006582.0200000000
2012-12-12,1.0594741000,4024338.0900000000
2012-12-13,1.0604936000,4028210.7300000000
2012-12-14,1.0457140000,3972071.3600000000
2012-12-17,1.0452561000,3970332.1900000000
2012-12-18,1.0425030000,3959874.7100000000
2012-12-19,1.0338380000,3926961.2700000000
2012-12-20,1.0213161000,3879397.7100000000
2012-12-21,1.0263068000,3898354.4800000000
2012-12-24,1.0273376000,3902269.9700000000
2012-12-26,1.0432236000,3962611.9400000000
2012-12-27,1.0504175000,3989937.4300000000
2012-12-28,1.0544721000,4005338.6500000000
2012-12-31,1.0562424000,4012063.0300000000
2013-01-02,1.0418027000,3957214.5400000000
2013-01-03,1.0467556000,3976027.7800000000
2013-01-04,1.0582321000,4019620.6700000000
2013-01-07,1.0686880000,4059336.7000000000
2013-01-08,1.0699257000,4064037.9000000000
2013-01-09,1.0685925000,4058973.7500000000
2013-01-10,1.0696947000,4063160.3400000000
2013-01-11,1.0717777000,4071072.6300000000
2013-01-14,1.0758940000,4086708.2800000000
2013-01-15,1.0770293000,4091020.6300000000
2013-01-16,1.0698857000,4063886.1800000000
2013-01-17,1.0743621000,4080889.2700000000
2013-01-18,1.0740490000,4079700.0900000000
2013-01-21,1.0760926000,4087462.6500000000
2013-01-22,1.0772724000,4091943.6900000000
2013-01-23,1.0834471000,4115398.1300000000
2013-01-24,1.0922518000,4148842.0600000000
2013-01-25,1.0925322000,4149906.9900000000
2013-01-28,1.1129142000,4227326.6700000000
2013-01-29,1.1216948000,4260679.1600000000
2013-01-30,1.1176604000,4245354.8600000000
2013-01-31,1.1227569000,4264713.4400000000
2013-02-01,1.1189634000,4250304.3900000000
2013-02-04,1.1188248000,4249777.6800000000
2013-02-05,1.1254319000,4254692.3200000000
2013-02-06,1.1246685000,4251806.3500000000
2013-02-07,1.1367328000,4297415.4400000000
2013-02-08,1.1363683000,4296037.6800000000
2013-02-13,1.1384237000,4303808.0200000000
2013-02-14,1.1412838000,4314620.6600000000
2013-02-15,1.1464089000,4333995.8300000000
2013-02-18,1.1535119000,4360848.8200000000
2013-02-19,1.1556090000,4368776.9900000000
2013-02-20,1.1514227000,4352950.6900000000
2013-02-21,1.1421012000,4317710.7200000000
2013-02-22,1.1596358000,4384000.1700000000
2013-02-25,1.1524910000,4356989.3300000000
2013-02-26,1.1486933000,4492632.1400000000
2013-02-27,1.1462370000,4483025.4900000000
2013-02-28,1.1427253000,4469290.8900000000
2013-03-01,1.1423563000,4467847.7100000000
2013-03-04,1.1423626000,4467872.2600000000
2013-03-05,1.1465000000,4484053.8100000000
2013-03-06,1.1374853000,4448796.7900000000
2013-03-07,1.1366833000,4445660.0500000000
2013-03-08,1.1565578000,4523390.7600000000
2013-03-11,1.1386329000,4453285.2500000000
2013-03-12,1.1488208000,4943130.9600000000
2013-03-13,1.1472582000,4916216.8900000000
2013-03-14,1.1283434000,4835163.1800000000
2013-03-15,1.1302446000,4843310.2700000000
2013-03-18,1.1324439000,4852734.6700000000
2013-03-19,1.1274413000,4831297.5900000000
2013-03-20,1.1299854000,4842199.5500000000
2013-03-21,1.1304930000,4844374.4600000000
2013-03-22,1.1339802000,4859317.7800000000
2013-03-25,1.1324588000,4852798.3200000000
2013-03-26,1.1347158000,4982470.1700000000
2013-03-27,1.1295362000,4959726.7800000000
2013-03-28,1.1362582000,4989242.9000000000
2013-04-01,1.1392925000,5002566.0000000000
2013-04-02,1.1397933000,5004764.9800000000
2013-04-03,1.1404059000,5007455.0900000000
2013-04-04,1.1360950000,4988526.2700000000
2013-04-05,1.1199859000,4917791.8400000000
2013-04-08,1.1233502000,4932564.4400000000
2013-04-09,1.1243310000,4936871.3000000000
2013-04-10,1.1285907000,4955575.3700000000
2013-04-11,1.1333459000,4976455.2200000000
2013-04-12,1.1521608000,5059070.2900000000
2013-04-15,1.1554456000,5073493.5300000000
2013-04-16,1.1584464000,5086669.8800000000
2013-04-17,1.1578142000,5083894.0100000000
2013-04-18,1.1470599000,5036672.2700000000
2013-04-19,1.1487213000,5043967.6100000000
2013-04-22,1.1459669000,5031873.2000000000
2013-04-23,1.1425294000,5016779.2900000000
2013-04-24,1.1406689000,5008609.6600000000
2013-04-25,1.1515425000,5056355.4000000000
2013-04-26,1.1498576000,5048956.7100000000
2013-04-29,1.1431471000,5019491.3200000000
2013-04-30,1.1388458000,5000604.8000000000
2013-05-02,1.1349423000,4983464.5000000000
2013-05-03,1.1374205000,4994346.5100000000
2013-05-06,1.1310607000,4966420.6800000000
2013-05-07,1.1273431000,4950097.1400000000
2013-05-08,1.1272441000,4949662.2600000000
2013-05-09,1.1277485000,4951877.3700000000
2013-05-10,1.1329628000,4974772.7500000000
2013-05-13,1.1304337000,4963667.8400000000
2013-05-14,1.1331164000,4975447.3800000000
2013-05-15,1.1345892000,4981914.3200000000
2013-05-16,1.1439079000,5022832.3100000000
2013-05-17,1.1462750000,5033226.0100000000
2013-05-20,1.1494103000,5046993.0400000000
2013-05-21,1.1487152000,5043940.7300000000
2013-05-22,1.1532152000,5063700.0200000000
2013-05-23,1.1495234000,5047489.5000000000
2013-05-24,1.1509541000,5053771.3800000000
2013-05-27,1.1543363000,5068622.4900000000
2013-05-28,1.1593914000,5090819.1000000000
2013-05-29,1.1706386000,5140204.9700000000
2013-05-31,1.2315842000,5325267.4700000000
2013-06-03,1.2263460000,5302618.1300000000
2013-06-04,1.2315626000,5325174.2900000000
2013-06-05,1.2349920000,5610002.5200000000
2013-06-06,1.2365767000,5617201.4100000000
2013-06-07,1.2437329000,5649708.7600000000
2013-06-10,1.2572800000,5711246.6300000000
2013-06-11,1.2589277000,5718731.3700000000
2013-06-12,1.2698140000,5768182.9700000000
2013-06-13,1.2610285000,5728274.5000000000
2013-06-14,1.2639292000,5741451.0600000000
2013-06-17,1.2928932000,5873021.2500000000
2013-06-18,1.3038443000,5922766.8600000000
2013-06-19,1.3160640000,6078275.5700000000
2013-06-20,1.3567081000,6265991.2500000000
2013-06-21,1.3549225000,6257744.7400000000
2013-06-24,1.3251816000,6120385.2100000000
2013-06-25,1.3134449000,6066179.0700000000
2013-06-26,1.3051676000,6027950.2800000000
2013-06-27,1.2985120000,5997211.3500000000
2013-06-28,1.3197307000,6095210.3000000000
2013-07-01,1.3191955000,6092738.5800000000
2013-07-02,1.3110015000,6054894.3800000000
2013-07-03,1.3185412000,6089716.6000000000
2013-07-04,1.3164540000,6080076.7900000000
2013-07-05,1.3107244000,6053614.3700000000
2013-07-08,1.3159023000,6077528.9200000000
2013-07-09,1.3166305000,6080892.0700000000
2013-07-10,1.3255423000,6122051.5600000000
2013-07-11,1.3217887000,6104715.2600000000
2013-07-12,1.3254313000,6121538.6500000000
2013-07-15,1.3057639000,6030704.5200000000
2013-07-16,1.2982253000,5995887.1100000000
2013-07-17,1.2979311000,6024528.4900000000
2013-07-18,1.2972392000,6021316.7800000000
2013-07-19,1.2992941000,6030854.8500000000
2013-07-22,1.2984193000,6026794.3400000000
2013-07-23,1.2975394000,6022709.9900000000
2013-07-24,1.2985625000,6027459.1300000000
2013-07-25,1.2932235000,6002677.4900000000
2013-07-26,1.2942484000,6007434.7700000000
2013-07-29,1.2964767000,6017777.3200000000
2013-07-30,1.3010082000,6038811.3000000000
2013-07-31,1.2981288000,6075445.9200000000
2013-08-01,1.2978249000,6074023.5100000000
2013-08-02,1.2898880000,6036877.6400000000
2013-08-05,1.2968330000,6069381.3300000000
2013-08-06,1.2997198000,6082891.9800000000
2013-08-07,1.2958955000,6064993.6800000000
2013-08-08,1.2778199000,5980396.9100000000
2013-08-09,1.2564703000,5880477.7200000000
2013-08-12,1.2682270000,5935501.0900000000
2013-08-13,1.2827171000,6003316.6900000000
2013-08-14,1.2848644000,6013366.4700000000
2013-08-15,1.2838204000,6008480.5700000000
2013-08-16,1.3515158000,6325305.5100000000
2013-08-19,1.3889912000,6500696.3100000000
2013-08-20,1.3542601000,6338149.3600000000
2013-08-21,1.3816038000,6466121.9900000000
2013-08-22,1.3696584000,6410215.7800000000
2013-08-23,1.3062724000,6113559.4800000000
2013-08-26,1.3376127000,6260236.5700000000
2013-08-27,1.3438132000,6289256.2500000000
2013-08-28,1.3232660000,6193091.9100000000
2013-08-29,1.3530712000,6332585.0100000000
2013-08-30,1.3665896000,6395853.3500000000
2013-09-02,1.3591720000,7011137.6400000000
2013-09-03,1.3602091000,7016487.6800000000
2013-09-04,1.3554161000,6991763.2800000000
2013-09-05,1.3387607000,6905848.1100000000
2013-09-06,1.3218765000,6818752.8600000000
2013-09-09,1.3203272000,6810761.3000000000
2013-09-10,1.3177976000,6797712.5200000000
2013-09-11,1.3245501000,6832544.7300000000
2013-09-12,1.3419049000,6947067.4000000000
2013-09-13,1.3347909000,6910238.0700000000
2013-09-16,1.3350038000,6911339.9800000000
2013-09-17,1.3337590000,6904895.9300000000
2013-09-18,1.3036446000,6848992.8000000000
2013-09-19,1.3048327000,6855235.1200000000
2013-09-20,1.3023992000,6842449.9200000000
2013-09-23,1.3096395000,6880488.7800000000
2013-09-24,1.3145699000,6906391.4900000000
2013-09-25,1.3017226000,6838895.2400000000
2013-09-26,1.2966438000,6812212.4600000000
2013-09-27,1.2917892000,6836708.0100000000
2013-09-30,1.2927162000,6841613.8600000000
2013-10-01,1.2950432000,6853929.7800000000
2013-10-02,1.2957649000,6857749.0700000000
2013-10-03,1.2982827000,6871074.4200000000
2013-10-04,1.2962866000,6860509.9400000000
2013-10-07,1.2995138000,6877589.7400000000
2013-10-08,1.3022985000,6892327.6800000000
2013-10-09,1.3020862000,6891204.0300000000
2013-10-10,1.3060322000,6912088.1000000000
2013-10-11,1.3121966000,6944712.7400000000
2013-10-14,1.3031170000,6896659.5200000000
2013-10-15,1.3034693000,6898524.2100000000
2013-10-16,1.3087097000,6926258.4700000000
2013-10-17,1.3168920000,6969563.0400000000
2013-10-18,1.3127006000,6947380.4100000000
2013-10-21,1.3088713000,6927113.7900000000
2013-10-22,1.3032301000,6897257.9800000000
2013-10-23,1.2979971000,6869562.9700000000
2013-10-24,1.2970983000,6864806.0200000000
2013-10-25,1.2951691000,6854595.6000000000
2013-10-28,1.2879836000,6816566.8500000000
2013-10-29,1.2898873000,6826642.2200000000
2013-10-30,1.2856707000,6804326.3800000000
2013-10-31,1.2872422000,6812643.2200000000
2013-11-01,1.2984712000,6872071.8300000000
2013-11-04,1.2881275000,6817328.8300000000
2013-11-05,1.3035062000,6948719.5900000000
2013-11-06,1.3071487000,6968136.6800000000
2013-11-07,1.3346655000,7114823.2000000000
2013-11-08,1.3422928000,7155482.4400000000
2013-11-11,1.3546841000,7221538.0300000000
2013-11-12,1.3436865000,7162912.4500000000
2013-11-13,1.3393792000,7139950.9200000000
2013-11-14,1.3186017000,7029190.1600000000
2013-11-18,1.2785260000,6815555.0300000000
2013-11-19,1.2772512000,6808759.5100000000
2013-11-20,1.2776000000,6810618.7700000000
2013-11-21,1.3077908000,6971559.5600000000
2013-11-22,1.2958478000,6907893.9300000000
2013-11-25,1.2971069000,6914606.0000000000
2013-11-26,1.3019457000,6940400.5600000000
2013-11-27,1.3041829000,6952326.8100000000
2013-11-28,1.2721793000,6781722.4200000000
2013-11-29,1.2785425000,6783758.4600000000
2013-12-02,1.2902786000,6846028.4200000000
2013-12-03,1.3018432000,6907388.7700000000
2013-12-04,1.3054424000,6926485.2100000000
2013-12-05,1.2936966000,6864164.1000000000
2013-12-06,1.2746751000,6763238.4000000000
2013-12-09,1.2750355000,6765151.0200000000
2013-12-10,1.2727898000,6753235.3500000000
2013-12-11,1.2879230000,6833530.0500000000
2013-12-12,1.2979762000,6886870.7000000000
2013-12-13,1.2904975000,6847189.9200000000
2013-12-16,1.2920477000,6855415.2600000000
2013-12-17,1.2899277000,6844166.7400000000
2013-12-18,1.3016928000,6906590.7600000000
2013-12-19,1.2995197000,6945060.3300000000
2013-12-20,1.3024694000,6960824.4500000000
2013-12-23,1.2982231000,6938131.0800000000
2013-12-24,1.2986339000,6940326.5000000000
2013-12-26,1.2940411000,6915781.0800000000
2013-12-27,1.2882428000,6884793.1400000000
2013-12-30,1.2958555000,6925477.5600000000
2013-12-31,1.2962584000,6927630.9900000000
2014-01-02,1.3178432000,7042987.2200000000
2014-01-03,1.3119243000,7011354.4800000000
2014-01-06,1.3103533000,7002958.9600000000
2014-01-07,1.3103653000,7003022.9700000000
2014-01-08,1.3202067000,7055618.4000000000
2014-01-09,1.3260437000,7086813.3200000000
2014-01-10,1.3000539000,6947915.5500000000
2014-01-13,1.3142127000,7023584.5700000000
2014-01-14,1.3184520000,7046241.0700000000
2014-01-15,1.3052231000,7025541.1600000000
2014-01-16,1.3814662000,7485930.0500000000
2014-01-17,1.3678129000,7451945.2100000000
2014-01-20,1.3867812000,7555285.7200000000
2014-01-21,1.4004806000,7629921.3600000000
2014-01-22,1.3963594000,7607468.5500000000
2014-01-23,1.4079242000,7670474.6300000000
2014-01-24,1.4018827000,7637559.7500000000
2014-01-27,1.4062183000,7661180.5900000000
2014-01-28,1.4052611000,7655965.9500000000
2014-01-29,1.4012857000,7634307.7000000000
2014-01-30,1.4074289000,7667776.3100000000
2014-01-31,1.4051246000,7655222.0000000000
2014-02-03,1.4140954000,7704095.8100000000
2014-02-04,1.4075480000,7668424.7900000000
2014-02-05,1.4039565000,7648858.2300000000
2014-02-06,1.3894247000,7569687.8600000000
2014-02-07,1.3933522000,7591085.1700000000
2014-02-10,1.3967633000,7609669.3200000000
2014-02-11,1.3953970000,7602225.5400000000
2014-02-12,1.3975855000,7614148.5400000000
2014-02-13,1.4006235000,7630699.8600000000
2014-02-14,1.3985942000,7619643.8600000000
2014-02-17,1.3969808000,7610854.2300000000
2014-02-18,1.3993300000,7623652.8100000000
2014-02-19,1.3983307000,7618208.5900000000
2014-02-20,1.4008619000,7631998.3500000000
2014-02-21,1.4059037000,7659466.6700000000
2014-02-24,1.4112739000,7858723.8100000000
2014-02-25,1.4145926000,7927204.1500000000
2014-02-26,1.4108641000,7906310.0700000000
2014-02-27,1.4249491000,7985241.0000000000
2014-02-28,1.4189565000,8036658.9500000000
2014-03-05,1.4305525000,8003923.6600000000
2014-03-06,1.4330846000,8018090.8200000000
2014-03-07,1.4231893000,7962726.6200000000
2014-03-10,1.4193326000,7991148.7200000000
2014-03-11,1.4155551000,7969880.2100000000
2014-03-12,1.4157356000,8070896.9400000000
2014-03-13,1.4174971000,8080938.7700000000
2014-03-14,1.4185257000,8086802.4300000000
2014-03-17,1.4208983000,8100328.3000000000
2014-03-18,1.4221174000,8107278.1600000000
2014-03-19,1.4206128000,8098701.0300000000
2014-03-20,1.4108760000,8043192.7400000000
2014-03-21,1.4108274000,8042915.7400000000
2014-03-24,1.4069157000,8020616.0200000000
2014-03-25,1.4014131000,7989246.2300000000
2014-03-26,1.4019079000,7992067.1700000000
2014-03-27,1.4255361000,8126767.7900000000
2014-03-28,1.4284557000,8143412.2900000000
2014-03-31,1.4220467000,8106875.1400000000
2014-04-01,1.4185158000,8086746.1500000000
2014-04-02,1.4242124000,8064591.7000000000
2014-04-03,1.3927424000,7886392.8200000000
2014-04-04,1.4289735000,8091551.3300000000
2014-04-07,1.4512792000,8217857.1800000000
2014-04-08,1.4547695000,8237620.7600000000
2014-04-09,1.4529944000,8227569.3400000000
2014-04-10,1.4574756000,8252944.0500000000
2014-04-11,1.4467484000,8192201.4400000000
2014-04-14,1.4368670000,8136248.0700000000
2014-04-15,1.4391779000,8149333.7800000000
2014-04-16,1.4369993000,8136997.2000000000
2014-04-17,1.4400235000,8154122.0500000000
2014-04-22,1.4420619000,8165664.2100000000
2014-04-23,1.4494983000,8207772.6400000000
2014-04-24,1.4516695000,8220067.1200000000
2014-04-25,1.4452343000,8183627.8600000000
2014-04-28,1.4524237000,8303337.5900000000
2014-04-29,1.4515736000,8298477.7000000000
2014-04-30,1.4543404000,8414295.3200000000
2014-05-02,1.4574398000,8432227.5200000000
2014-05-05,1.4489919000,8383351.1700000000
2014-05-06,1.4636814000,8468339.3800000000
2014-05-07,1.4688237000,8498090.6200000000
2014-05-08,1.4732562000,8523735.5400000000
2014-05-09,1.4711643000,8511632.5000000000
2014-05-12,1.4681517000,8494202.8700000000
2014-05-13,1.4726777000,8520388.3800000000
2014-05-14,1.4809775000,8668408.2100000000
2014-05-15,1.4641250000,8569767.7800000000
2014-05-16,1.4694418000,8600887.9800000000
2014-05-19,1.4729941000,8621679.9100000000
2014-05-20,1.4712032000,8611197.6600000000
2014-05-21,1.4758673000,8718497.2400000000
2014-05-22,1.4787265000,8735387.5000000000
2014-05-23,1.4791947000,8738153.4400000000
2014-05-26,1.4772740000,8726807.0000000000
2014-05-27,1.4702060000,8835053.9000000000
2014-05-28,1.4757862000,8868587.7900000000
2014-05-29,1.4867225000,8934308.3700000000
2014-05-30,1.4971187000,8884588.5200000000
2014-06-02,1.4976074000,8887488.5000000000
2014-06-03,1.4976952000,8888009.8000000000
2014-06-04,1.5038293000,8924412.4000000000
2014-06-05,1.5145575000,9223078.1700000000
2014-06-06,1.5182278000,9317428.9700000000
2014-06-09,1.5140853000,9292006.5800000000
2014-06-10,1.5045431000,9233445.6500000000
2014-06-11,1.5079740000,9328501.4600000000
2014-06-12,1.5085290000,9331934.7200000000
2014-06-13,1.5115489000,9350615.8100000000
2014-06-16,1.5110854000,9347748.5500000000
2014-06-17,1.5123078000,9355310.8000000000
2014-06-18,1.5182606000,9392135.4400000000
2014-06-20,1.5180853000,9391050.7700000000
2014-06-23,1.5166072000,9381907.1100000000
2014-06-24,1.5256608000,9437914.0300000000
2014-06-25,1.5294795000,9461536.9200000000
2014-06-26,1.5254405000,9456550.9200000000
2014-06-27,1.5276983000,9470547.4100000000
2014-06-30,1.5247470000,9502251.4800000000
2014-07-01,1.5343924000,10202361.9100000000
2014-07-02,1.5265242000,10150045.5800000000
2014-07-03,1.5106362000,10174404.3300000000
2014-07-04,1.5161839000,10411769.2700000000
2014-07-07,1.5136447000,10394332.3400000000
2014-07-08,1.5143459000,10419147.3500000000
2014-07-09,1.5149613000,10423381.4500000000
2014-07-10,1.5106127000,10443461.9300000000
2014-07-11,1.5116365000,10450539.8800000000
2014-07-14,1.5118287000,10451868.5300000000
2014-07-15,1.5081971000,10396728.8700000000
2014-07-16,1.5111904000,10417363.2800000000
2014-07-17,1.5349767000,11081333.4900000000
2014-07-18,1.5174667000,10954924.6200000000
2014-07-21,1.5153574000,10989697.1000000000
2014-07-22,1.5230979000,11045833.2300000000
2014-07-23,1.5078634000,10935349.3000000000
2014-07-24,1.4885957000,10795615.4100000000
2014-07-25,1.4919244000,10819756.3400000000
2014-07-28,1.4921375000,10821301.8100000000
2014-07-29,1.4930559000,10827962.2600000000
2014-07-30,1.4872613000,10865938.1500000000
2014-07-31,1.4911871000,10894620.4700000000
2014-08-01,1.4763910000,10786519.6500000000
2014-08-04,1.4743520000,10771622.6600000000
2014-08-05,1.4854730000,10852873.1000000000
2014-08-06,1.4714523000,10750437.5600000000
2014-08-07,1.4859225000,10856156.9600000000
2014-08-08,1.4790862000,10806211.4500000000
2014-08-11,1.4703222000,10742180.9200000000
2014-08-12,1.4713270000,10749522.5100000000
2014-08-13,1.4727769000,10810115.5800000000
2014-08-14,1.4803955000,11392079.0300000000
2014-08-15,1.4720051000,11327512.5400000000
2014-08-18,1.4750021000,11150575.4800000000
2014-08-19,1.4737792000,10991330.8000000000
2014-08-20,1.4702794000,10875229.6900000000
2014-08-21,1.4726399000,10178446.5900000000
2014-08-22,1.4753280000,10197025.6600000000
2014-08-25,1.4662086000,10133995.4300000000
2014-08-26,1.4695941000,10267394.8000000000
2014-08-27,1.4585005000,10189889.2300000000
2014-08-28,1.4630146000,10221426.8900000000
2014-08-29,1.4578905000,10185627.3300000000
2014-09-01,1.4605550000,10204243.1300000000
2014-09-02,1.4618785000,10213489.5400000000
2014-09-03,1.4766409000,10316627.8600000000
2014-09-04,1.4746567000,10502765.0600000000
2014-09-05,1.4696244000,10466924.2400000000
2014-09-08,1.4661766000,10442368.3800000000
2014-09-09,1.4643203000,10429147.4600000000
2014-09-10,1.4643065000,10429049.5000000000
2014-09-11,1.4594114000,10394185.4500000000
2014-09-12,1.4952316000,10649303.3500000000
2014-09-15,1.4959064000,10654108.9600000000
2014-09-16,1.4866082000,10587885.6500000000
2014-09-17,1.5058702000,10725073.0300000000
2014-09-18,1.5320980000,10911872.5100000000
2014-09-19,1.5564930000,11085617.8000000000
2014-09-22,1.5744302000,11213369.6100000000
2014-09-23,1.5846091000,11335865.5000000000
2014-09-24,1.5679141000,11216434.0200000000
2014-09-25,1.5932157000,11397434.6600000000
2014-09-26,1.5873497000,11525470.7500000000
2014-09-29,1.6477223000,12129825.9800000000
2014-09-30,1.6403666000,12075676.1800000000
2014-10-01,1.6691478000,12287551.1400000000
2014-10-02,1.6718108000,12307155.4500000000
2014-10-03,1.6590288000,12103682.2400000000
2014-10-06,1.5903288000,11602471.5600000000
2014-10-07,1.5744061000,11486304.7500000000
2014-10-08,1.5900050000,11630108.6900000000
2014-10-09,1.5908210000,11636077.3900000000
2014-10-10,1.6124527000,11794302.8800000000
2014-10-13,1.5900063000,11630118.2200000000
2014-10-14,1.5901704000,11631319.0900000000
2014-10-15,1.6044303000,11735623.0600000000
2014-10-16,1.6253317000,11888506.8200000000
2014-10-17,1.6167082000,11825429.8500000000
2014-10-20,1.6331651000,11945804.3300000000
2014-10-21,1.6364104000,11969541.5500000000
2014-10-22,1.6217747000,11862488.9900000000
2014-10-23,1.6247941000,11884574.3800000000
2014-10-24,1.6156217000,11817482.8700000000
2014-10-27,1.5985198000,11742390.9900000000
2014-10-28,1.5896153000,11676979.9100000000
2014-10-29,1.5921474000,11745580.0200000000
2014-10-30,1.5921904000,11745897.6200000000
2014-10-31,1.5898355000,11728524.7200000000
2014-11-03,1.5921169000,11745355.5400000000
2014-11-04,1.5939883000,11809161.0900000000
2014-11-05,1.5948276000,11815379.1300000000
2014-11-06,1.5948199000,11815322.2000000000
2014-11-07,1.5963863000,11848926.3700000000
2014-11-10,1.5977905000,11859349.1800000000
2014-11-11,1.6008406000,11881988.0800000000
2014-11-12,1.6020350000,11890853.5500000000
2014-11-13,1.6076649000,11932640.0300000000
2014-11-14,1.6050196000,11913005.9700000000
2014-11-17,1.6077433000,11933222.2400000000
2014-11-18,1.6040206000,11905591.2300000000
2014-11-19,1.5993104000,11870630.3800000000
2014-11-20,1.5999157000,11875123.4000000000
2014-11-21,1.5729702000,11725124.5000000000
2014-11-24,1.5722048000,11719419.3700000000
2014-11-25,1.5754396000,11743531.4900000000
2014-11-26,1.5933015000,11876676.5400000000
2014-11-27,1.5963114000,11899112.7000000000
2014-11-28,1.6072686000,11872630.9900000000
2014-12-01,1.6121116000,11908404.8600000000
2014-12-02,1.6187039000,11957101.5200000000
2014-12-03,1.6272323000,12539951.7700000000
2014-12-04,1.6134920000,12434064.7700000000
2014-12-05,1.6145951000,12487565.8200000000
2014-12-08,1.6228978000,12551780.4300000000
2014-12-09,1.6170185000,12506308.8700000000
2014-12-10,1.6236019000,12557225.9500000000
2014-12-11,1.6242538000,12562267.4700000000
2014-12-12,1.6290331000,12490493.8900000000
2014-12-15,1.6402056000,12576158.3000000000
2014-12-16,1.6841260000,12912915.2200000000
2014-12-17,1.6749167000,12842303.3700000000
2014-12-18,1.6566547000,12702280.5700000000
2014-12-19,1.6504992000,12655084.4100000000
2014-12-22,1.6432963000,12599856.6600000000
2014-12-23,1.6507678000,12657143.8100000000
2014-12-24,1.6514428000,12662319.3700000000
2014-12-26,1.6486040000,12640552.8900000000
2014-12-29,1.6569454000,12704509.8400000000
2014-12-30,1.6379843000,12559127.1800000000
2014-12-31,1.6388488000,12565755.6500000000
2015-01-02,1.6655331000,12770355.7000000000
2015-01-05,1.6722872000,12822142.2700000000
2015-01-06,1.6440628000,12705733.4000000000
2015-01-07,1.6328667000,12839207.1300000000
2015-01-08,1.6175676000,12768410.2700000000
2015-01-09,1.6070167000,12735126.2200000000
2015-01-12,1.6152432000,12800318.5600000000
2015-01-13,1.6143170000,12630343.9800000000
2015-01-14,1.6285788000,12741927.7700000000
2015-01-15,1.6224399000,12693897.3800000000
2015-01-16,1.6247004000,12711583.2600000000
2015-01-19,1.6221901000,12241943.1000000000
2015-01-20,1.6340437000,12331396.5100000000
2015-01-21,1.6289836000,12293210.5700000000
2015-01-22,1.6400168000,12526473.0100000000
2015-01-23,1.6368531000,12502308.4100000000
2015-01-26,1.6405921000,12530867.2000000000
2015-01-27,1.6426832000,12546838.9400000000
2015-01-28,1.6555688000,12775259.6900000000
2015-01-29,1.6467960000,13096564.2300000000
2015-01-30,1.6277506000,12945100.7800000000
2015-02-02,1.6176084000,12864441.8200000000
2015-02-03,1.6045962000,12960959.0800000000
2015-02-04,1.6097349000,13302466.1600000000
2015-02-05,1.6142552000,14439821.2900000000
2015-02-06,1.6241449000,14728286.7600000000
2015-02-09,1.6189046000,14680765.3400000000
2015-02-10,1.6508987000,14970898.5800000000
2015-02-11,1.6609556000,15117097.7700000000
2015-02-12,1.6365713000,14945165.5900000000
2015-02-13,1.6311881000,14896006.3500000000
2015-02-18,1.6319012000,14902518.7300000000
2015-02-19,1.6474950000,15044921.3200000000
2015-02-20,1.6464235000,15035136.0900000000
2015-02-23,1.6536535000,15101160.1800000000
2015-02-24,1.6291580000,14877467.3100000000
2015-02-25,1.6503735000,15071207.4000000000
2015-02-26,1.6630646000,15187102.1700000000
2015-02-27,1.6509955000,15076887.9200000000
2015-03-02,1.6715408000,15264507.5100000000
2015-03-03,1.6765809000,15510532.9500000000
2015-03-04,1.7031822000,15831629.6000000000
2015-03-05,1.7134078000,15926680.2700000000
2015-03-06,1.7330796000,16139536.1300000000
2015-03-09,1.7936191000,16703317.5500000000
2015-03-10,1.7791937000,16568979.6100000000
2015-03-11,1.7794914000,16571751.6100000000
2015-03-12,1.7954640000,16720498.6500000000
2015-03-13,1.8324608000,17065036.3600000000
2015-03-16,1.8223405000,16970789.5200000000
2015-03-17,1.8206934000,16955451.3000000000
2015-03-18,1.8035819000,16796097.6000000000
2015-03-19,1.8334283000,17074046.0000000000
2015-03-20,1.7996445000,16759430.5700000000
2015-03-23,1.7822528000,16597467.8200000000
2015-03-24,1.7664916000,16450689.6100000000
2015-03-25,1.7736443000,16517299.7800000000
2015-03-26,1.7705485000,16488470.0900000000
2015-03-27,1.7817690000,16667962.0600000000
2015-03-30,1.7790868000,16642871.2500000000
2015-03-31,1.7767704000,16671202.0500000000
2015-04-01,1.7696422000,16659319.0400000000
2015-04-02,1.7557465000,16548505.7200000000
2015-04-06,1.7489700000,16484634.7800000000
2015-04-07,1.7441630000,16459326.6700000000
2015-04-08,1.7545034000,16501906.8700000000
2015-04-09,1.7368051000,16335447.0600000000
2015-04-10,1.7401585000,16366986.6800000000
2015-04-13,1.7346301000,16314989.8400000000
2015-04-14,1.7353134000,16321416.2700000000
2015-04-15,1.7344495000,16313291.1700000000
2015-04-16,1.7297856000,16269424.6200000000
2015-04-17,1.7256899000,16230903.4400000000
2015-04-20,1.7282205000,16404704.1700000000
2015-04-22,1.7204934000,16331357.1800000000
2015-04-23,1.7101004000,16232703.9900000000
2015-04-24,1.7312074000,16453057.2500000000
2015-04-27,1.7384978000,16522343.7600000000
2015-04-28,1.7388189000,16525395.1100000000
2015-04-29,1.7435500000,16570358.8200000000
2015-04-30,1.7344744000,16484106.1400000000
2015-05-04,1.7470345000,16554449.7500000000
2015-05-05,1.7652067000,16726644.6000000000
2015-05-06,1.7615731000,16692213.2500000000
2015-05-07,1.7692904000,16765340.3100000000
2015-05-08,1.7579097000,16636999.9200000000
2015-05-11,1.7555100000,16614288.7300000000
2015-05-12,1.7555174000,16614358.7300000000
2015-05-13,1.7575278000,16613385.8600000000
2015-05-14,1.7513970000,16555432.6000000000
2015-05-15,1.7486654000,16529611.7000000000
2015-05-18,1.7602449000,16639069.3400000000
2015-05-19,1.7636512000,16671268.6300000000
2015-05-20,1.7524647000,16565525.6500000000
2015-05-21,1.7558718000,16597732.2700000000
2015-05-22,1.7533736000,16574117.6300000000
2015-05-25,1.7462377000,16606663.3900000000
2015-05-26,1.7470305000,16664203.5300000000
2015-05-27,1.7453835000,16648493.4300000000
2015-05-28,1.7508949000,16701064.1600000000
2015-05-29,1.7573212000,16691013.1400000000
2015-06-01,1.7568099000,16766157.1300000000
2015-06-02,1.7438825000,16642784.3200000000
2015-06-03,1.7468005000,16745632.6300000000
2015-06-05,1.7662452000,16982038.1600000000
2015-06-08,1.7547770000,16921773.7100000000
2015-06-09,1.7546517000,16920565.8100000000
2015-06-10,1.7701784000,17070293.7600000000
2015-06-11,1.7883907000,17245920.0800000000
2015-06-12,1.7889818000,17249741.6400000000
2015-06-15,1.8044125000,17398526.8000000000
2015-06-16,1.7946015000,17303927.7500000000
2015-06-17,1.7861407000,17222346.7500000000
2015-06-18,1.7888819000,18328777.5100000000
2015-06-19,1.7874126000,18313723.4600000000
2015-06-22,1.7823392000,18261741.6300000000
2015-06-23,1.7718259000,18549522.9700000000
2015-06-24,1.7900896000,20030728.9300000000
2015-06-25,1.8048673000,20296087.7000000000
2015-06-26,1.8040995000,20337454.5900000000
2015-06-29,1.8027412000,20322142.0100000000
2015-06-30,1.7965308000,20462132.5200000000
2015-07-01,1.8049541000,20558072.6800000000
2015-07-02,1.7698308000,20258025.3700000000
2015-07-03,1.7576778000,20118918.4400000000
2015-07-06,1.7560991000,20070848.0000000000
2015-07-07,1.7538335000,20044953.4400000000
2015-07-08,1.7609417000,20166195.0800000000
2015-07-09,1.7616663000,20174492.5200000000
2015-07-10,1.7499625000,20040462.4000000000
2015-07-13,1.7464483000,20000217.0100000000
2015-07-14,1.7550207000,20098387.8700000000
2015-07-15,1.7589041000,20212860.3300000000
2015-07-16,1.7588124000,20211807.1600000000
2015-07-17,1.7621901000,20250622.3000000000
2015-07-20,1.7640034000,20271459.7800000000
2015-07-21,1.7666551000,20301933.1900000000
2015-07-22,1.7684928000,20323051.2200000000
2015-07-23,1.7667514000,20303039.7200000000
2015-07-24,1.7872642000,20538766.9300000000
2015-07-27,1.7923798000,20647554.8700000000
2015-07-28,1.7858961000,20572864.9600000000
2015-07-29,1.7492607000,20247638.0000000000
2015-07-30,1.7649865000,20429664.1400000000
2015-07-31,1.7829961000,20611624.3700000000
2015-08-03,1.8023427000,20835272.8900000000
2015-08-04,1.8035919000,20849713.7100000000
2015-08-05,1.8118713000,20945425.1200000000
2015-08-06,1.8275273000,21146410.1400000000
2015-08-07,1.8340677000,21222088.9600000000
2015-08-10,1.8003528000,20831972.3700000000
2015-08-11,1.8130133000,20978467.1300000000
2015-08-12,1.8002679000,20880990.5600000000
2015-08-13,1.8155948000,21058764.3400000000
2015-08-14,1.8039065000,20923193.2600000000
2015-08-17,1.8080356000,20971085.7700000000
2015-08-18,1.8031946000,21004936.5600000000
2015-08-19,1.8082344000,21063643.1600000000
2015-08-20,1.7914243000,20867827.2500000000
2015-08-21,1.8051089000,20837461.4600000000
2015-08-24,1.8198933000,21008127.5300000000
2015-08-25,1.8357588000,21191272.1100000000
2015-08-26,1.8402793000,21243454.6300000000
2015-08-27,1.8152976000,20955075.6300000000
2015-08-28,1.8289468000,21092403.7500000000
2015-08-31,1.8314918000,21171754.2000000000
2015-09-01,1.8571463000,21468316.8500000000
2015-09-02,1.8662948000,21574071.8000000000
2015-09-03,1.8463298000,21343279.3800000000
2015-09-04,1.9022653000,22025885.3000000000
2015-09-08,1.8740221000,21698862.8800000000
2015-09-09,1.8686973000,21637208.8500000000
2015-09-10,1.9202318000,21152988.1800000000
2015-09-11,1.9161618000,21044856.9300000000
2015-09-14,1.8739980000,20581780.5000000000
2015-09-15,1.8936503000,20837252.3200000000
2015-09-16,1.8806513000,20694214.4400000000
2015-09-17,1.8880219000,20754377.8400000000
2015-09-18,1.9456198000,22714913.6400000000
2015-09-21,1.9535633000,22807653.2000000000
2015-09-22,1.9813895000,23132520.7700000000
2015-09-23,2.0574115000,24020069.6300000000
2015-09-24,2.0008246000,23359423.5100000000
2015-09-25,1.9755881000,23349789.5800000000
2015-09-28,2.0314042000,23978551.8300000000
2015-09-29,2.0207854000,23784958.1700000000
2015-09-30,1.9990258000,23528844.2100000000
2015-10-01,2.0109553000,23694256.6100000000
2015-10-02,1.9826326000,23360541.3100000000
2015-10-05,1.9683886000,23272710.6400000000
2015-10-06,1.9675022000,23262229.6300000000
2015-10-07,1.9609272000,23226492.4800000000
2015-10-08,1.9618621000,23237566.0400000000
2015-10-09,1.9640296000,23663239.2200000000
2015-10-13,1.9780004000,23811564.1200000000
2015-10-14,1.9774659000,23805129.2600000000
2015-10-15,1.9812938000,23851210.6000000000
2015-10-16,1.9853743000,23900332.5500000000
2015-10-19,1.9866916000,23916190.5200000000
2015-10-20,1.9899776000,25105747.1300000000
2015-10-21,1.9907308000,25073319.5600000000
2015-10-22,1.9907700000,25073813.9500000000
2015-10-23,1.9920857000,24695833.7800000000
2015-10-26,1.9945258000,24726083.7300000000
2015-10-27,1.9971732000,24877903.1900000000
2015-10-28,1.9990988000,24901890.3500000000
2015-10-29,1.9994701000,25136514.7900000000
2015-10-30,1.9853641000,25948923.0200000000
2015-11-03,1.9693031000,27339003.6700000000
2015-11-04,1.9715566000,27370288.8300000000
2015-11-05,1.9743302000,27888792.4300000000
2015-11-06,1.9779195000,27939494.9300000000
2015-11-09,1.9800996000,27970289.2100000000
2015-11-10,1.9817420000,28393490.4800000000
2015-11-11,1.9815086000,28390146.1300000000
2015-11-12,1.9785749000,28348113.1000000000
2015-11-13,1.9858947000,28452987.9100000000
2015-11-16,1.9869411700,28467980.3900000000
2015-11-17,1.9910042700,28526194.6600000000
2015-11-18,1.9940605900,28569984.1800000000
2015-11-19,1.9956290100,28592455.8700000000
2015-11-20,1.9965928100,28606264.7800000000
2015-11-23,1.9987737900,28637512.7600000000
2015-11-24,1.9999633300,28654556.0200000000
2015-11-25,2.0017641300,28479987.7000000000
2015-11-26,2.0011392600,27299101.3800000000
2015-11-27,2.0059518000,27364753.0100000000
2015-11-30,2.0006494300,27114570.9100000000
2015-12-01,2.0006223600,27219204.0500000000
2015-12-02,1.9925084500,27096862.4400000000
2015-12-03,1.9943195800,27321492.7100000000
2015-12-04,1.9974992100,27365052.5100000000
2015-12-07,1.9936064500,27311723.0000000000
2015-12-08,1.9959892500,28439366.5700000000
2015-12-09,1.9882687400,28449362.7100000000
2015-12-10,2.0054548800,27803019.3600000000
2015-12-11,2.0113163200,27935280.4900000000
2015-12-14,2.0152867100,27990425.5300000000
2015-12-15,2.0081130400,27890789.9800000000
2015-12-16,2.0129418600,27957857.8300000000
2015-12-17,1.9921479100,27669049.5200000000
2015-12-18,1.9899727900,27638839.0700000000
2015-12-21,2.0271344300,29039803.1700000000
2015-12-22,2.0156176100,28874818.5800000000
2015-12-23,2.0047322600,28680157.6700000000
2015-12-24,2.0056423000,28693176.8900000000
2015-12-28,1.9920067000,28498102.8900000000
2015-12-29,1.9932074500,28515281.0600000000
2015-12-30,1.9891890300,28457792.7200000000
2015-12-31,1.9901038900,28470880.9000000000
2016-01-04,1.9878762300,28113943.0400000000
2016-01-05,1.9901182600,28145477.6200000000
2016-01-06,1.9899377500,28442924.7700000000
2016-01-07,1.9873698600,28481220.8400000000
2016-01-08,1.9828036700,28486782.2500000000
2016-01-11,1.9725202000,28339040.4800000000
2016-01-12,1.9957606300,28671293.2600000000
2016-01-13,1.9982132100,28906527.3200000000
2016-01-14,1.9964139300,28830155.2700000000
2016-01-15,1.9926409800,28775670.2000000000
2016-01-18,1.9971076200,29090187.6100000000
2016-01-19,2.0363021600,29811101.4500000000
2016-01-20,2.0628382200,30299584.7100000000
2016-01-21,2.1216178900,29947317.1900000000
2016-01-22,2.1148468200,29851741.3000000000
2016-01-25,2.1158494200,29865893.3100000000
2016-01-26,2.1278666300,30035520.1600000000
2016-01-27,2.1355689300,30144240.5800000000
2016-01-28,2.1567555000,30616746.4300000000
2016-01-29,2.1458252700,30461583.5900000000
2016-02-01,2.1553224700,30641403.5000000000
2016-02-02,2.1517361700,31775418.4000000000
2016-02-03,2.1496579800,31744729.0200000000
2016-02-04,2.1400480900,31747816.4700000000
2016-02-05,2.1405960600,31697164.3600000000
2016-02-10,2.1543691600,31946111.4200000000
2016-02-11,2.1368744600,30131822.4700000000
2016-02-12,2.1439553900,30771669.9200000000
2016-02-15,2.1467327300,30811532.3500000000
2016-02-16,2.1490758500,31091787.1200000000
2016-02-17,2.1583751700,31076325.1300000000
2016-02-18,2.1534721600,31255731.5400000000
2016-02-19,2.1615786700,31505419.2300000000
2016-02-22,2.1668267600,31631911.1100000000
2016-02-23,2.1678367400,31752455.1300000000
2016-02-24,2.1709594500,31773193.6300000000
2016-02-25,2.1710264500,31774174.2700000000
2016-02-26,2.1720578500,31789269.3400000000
2016-02-29,2.1725492500,33004506.4400000000
2016-03-01,2.1854137400,33319938.5800000000
2016-03-02,2.1860545800,33704709.2200000000
2016-03-03,2.1985741200,33885270.9400000000
2016-03-04,2.2152723600,33833500.1800000000
2016-03-07,2.2145983100,33848205.6000000000
2016-03-08,2.2307444800,34194985.6800000000
2016-03-09,2.2630795800,34730648.9700000000
2016-03-10,2.2769965700,35060227.9700000000
2016-03-11,2.2968185400,35410438.1800000000
2016-03-14,2.2910699900,35421811.8600000000
2016-03-15,2.2550149800,35046371.9900000000
2016-03-16,2.2707816700,35839410.4400000000
2016-03-17,2.3036020300,36532409.3200000000
2016-03-18,2.3176922000,36890862.7400000000
2016-03-21,2.3124351800,36857186.3900000000
2016-03-22,2.3242982200,37198267.7600000000
2016-03-23,2.3062782600,36930445.7300000000
2016-03-24,2.2953328100,37383402.9900000000
2016-03-28,2.3083620100,38863789.5500000000
2016-03-29,2.3101147100,38893298.1100000000
2016-03-30,2.3166848300,39106346.8800000000
2016-03-31,2.3225591200,39274077.2800000000
2016-04-01,2.3273728400,39268879.7900000000
2016-04-04,2.3216758200,39612756.1100000000
2016-04-05,2.3046438500,39560932.3400000000
2016-04-06,2.3138365900,39718732.4800000000
2016-04-07,2.3058067300,39810393.9600000000
2016-04-08,2.3181603700,40182911.1400000000
2016-04-11,2.3399271100,40889520.1700000000
2016-04-12,2.3314497200,40676876.9700000000
2016-04-13,2.3313920700,40785871.1200000000
2016-04-14,2.3412769800,41008799.9500000000
2016-04-15,2.3266851500,40933315.6700000000
2016-04-18,2.3191054100,41049965.4400000000
2016-04-19,2.3206271200,41176942.5300000000
2016-04-20,2.3236261000,41280156.0800000000
2016-04-22,2.3134369100,41110519.0100000000
2016-04-25,2.3249155300,41314497.8300000000
2016-04-26,2.3282646300,41544012.3500000000
2016-04-27,2.3226294700,41583462.2500000000
2016-04-28,2.3301382900,41690572.0100000000
2016-04-29,2.3430302700,42071633.9600000000
2016-05-02,2.3346525600,42121203.0400000000
2016-05-03,2.3166200100,42225864.4900000000
2016-05-04,2.3270325800,43381658.1700000000
2016-05-05,2.3292013400,43422089.3100000000
2016-05-06,2.3374830000,43818998.4000000000
2016-05-09,2.3070519300,43248530.5400000000
2016-05-10,2.3021732200,43307073.0300000000
2016-05-11,2.3014817400,43324065.2800000000
2016-05-12,2.2990681400,43278630.7400000000
2016-05-13,2.2995887600,43788430.9800000000
2016-05-16,2.3007611300,43960755.2500000000
2016-05-17,2.3035783800,44164584.5100000000
2016-05-18,2.3040008200,44332683.5200000000
2016-05-19,2.2991899700,44440115.0800000000
2016-05-20,2.3035131500,44573676.0300000000
2016-05-23,2.3018333600,44791171.6300000000
2016-05-24,2.3021447500,44617230.9800000000
2016-05-25,2.3029630600,44653207.3800000000
2016-05-27,2.3068335000,44878253.1600000000
2016-05-30,2.3114901800,45268846.4200000000
2016-05-31,2.3153914700,45145723.7700000000
2016-06-01,2.3187053400,45191313.4300000000
2016-06-02,2.3166850700,45193684.6900000000
2016-06-03,2.3149183400,45229219.4800000000
2016-06-06,2.3204625700,45767543.4300000000
2016-06-07,2.3278264100,45912783.7700000000
2016-06-08,2.3333059900,46366203.2800000000
2016-06-09,2.3328957500,46708051.3100000000
2016-06-10,2.3278783000,46772594.4900000000
2016-06-13,2.3202254600,46975740.4900000000
2016-06-14,2.3202954200,47032308.9300000000
2016-06-15,2.3253010100,47332966.1800000000
2016-06-16,2.3316827800,47582158.2900000000
2016-06-17,2.3328681600,47675940.8500000000
2016-06-20,2.3400925300,48078582.5400000000
2016-06-21,2.3263053300,48155330.5000000000
2016-06-22,2.3305157600,48346961.8400000000
2016-06-23,2.3214212900,48780304.3100000000
2016-06-24,2.3169118100,49275924.2000000000
2016-06-27,2.3237873700,49802153.1200000000
2016-06-28,2.3399481900,50599503.1500000000
2016-06-29,2.3504989200,50872534.3500000000
2016-06-30,2.3668887000,51225943.7700000000
2016-07-01,2.3314500100,50752208.0500000000
2016-07-04,2.3146182600,50513563.8500000000
2016-07-05,2.3152251700,50800808.8700000000
2016-07-06,2.3097547700,50840777.1000000000
2016-07-07,2.2939966200,50914965.5100000000
2016-07-08,2.3141266800,51589749.7700000000
2016-07-11,2.3093220500,51422638.2400000000
2016-07-12,2.3125809600,51192752.6600000000
2016-07-13,2.3202042000,51711505.6400000000
2016-07-14,2.3331502800,52520040.9500000000
2016-07-15,2.3347375700,52907771.5000000000
2016-07-18,2.3376908100,53074458.6500000000
2016-07-19,2.3362467800,53798773.7300000000
2016-07-20,2.3421397900,54034515.6400000000
2016-07-21,2.3306815900,53930199.1900000000
2016-07-22,2.3336694100,54479335.1800000000
2016-07-25,2.3309017300,54517103.4400000000
2016-07-26,2.3356600500,54860441.5900000000
2016-07-27,2.3408485000,55102225.6400000000
2016-07-28,2.3404761600,55191461.0400000000
2016-07-29,2.3612553300,56015889.1100000000
2016-08-01,2.3581402800,55948476.6400000000
2016-08-02,2.3647715200,56839803.5600000000
2016-08-03,2.3709574700,57728159.9600000000
2016-08-04,2.3934415300,58895246.5200000000
2016-08-05,2.4098661900,59548706.9800000000
2016-08-08,2.4115055700,60519316.5900000000
2016-08-09,2.4220940400,62060245.7400000000
2016-08-10,2.4373980100,62757387.6000000000
2016-08-11,2.4279865600,63365064.4100000000
2016-08-12,2.4058170000,63096487.8900000000
2016-08-15,2.4072745000,63630084.1600000000
2016-08-16,2.4026288700,64275135.7700000000
2016-08-17,2.3939042300,64498712.2800000000
2016-08-18,2.3759553000,65084107.3200000000
2016-08-19,2.3708650400,65144670.7400000000
2016-08-22,2.3774807500,65596451.6000000000
2016-08-23,2.3755103500,65930771.5000000000
2016-08-24,2.3786220100,66869194.5900000000
2016-08-25,2.3790242500,67888849.4800000000
2016-08-26,2.3825682300,68250981.7600000000
2016-08-29,2.3846507900,68720338.5800000000
2016-08-30,2.3866197300,68828128.5000000000
2016-08-31,2.3906286100,70385214.9800000000
2016-09-01,2.3776961600,70004456.1700000000
2016-09-02,2.3796997000,69913138.6600000000
2016-09-05,2.3748750200,69573104.8800000000
2016-09-06,2.3823831000,69741936.5000000000
2016-09-08,2.3899014600,69707435.8500000000
2016-09-09,2.3568393300,68743096.5300000000
2016-09-12,2.3613941700,68875949.7600000000
2016-09-13,2.3391857600,68179652.6200000000
2016-09-14,2.3419846400,68140141.3700000000
2016-09-15,2.3302187300,67700817.8500000000
2016-09-16,2.3331666500,66564818.4500000000
2016-09-19,2.3374366700,66666641.5700000000
2016-09-20,2.3390155200,66624622.9700000000
2016-09-21,2.3458101200,66769201.6400000000
2016-09-22,2.3683852700,67381561.9800000000
2016-09-23,2.3753349500,66498703.0500000000
2016-09-26,2.3736201700,66399864.3000000000
2016-09-27,2.3896744200,66848967.2200000000
2016-09-28,2.3854386000,66680357.2700000000
2016-09-29,2.3699466500,66075308.6400000000
2016-09-30,2.3731395200,66082505.4900000000
2016-10-03,2.3987417800,66593086.7900000000
2016-10-04,2.3745264200,65758413.3100000000
2016-10-05,2.3953452100,66334953.6900000000
2016-10-06,2.4092340100,66668564.1900000000
2016-10-07,2.4216141300,67011148.0400000000
2016-10-10,2.4089540800,66660817.8500000000
2016-10-11,2.4128394800,66738285.0700000000
2016-10-13,2.4289415600,67113168.4400000000
2016-10-14,2.4224754300,66882446.6900000000
2016-10-17,2.4205816400,66830160.9900000000
2016-10-18,2.4178882100,66568717.7600000000
2016-10-19,2.4350047400,66989150.9800000000
2016-10-20,2.3931709000,65653271.9600000000
2016-10-21,2.3629824800,64825095.2600000000
2016-10-24,2.3948640800,65598366.3400000000
2016-10-25,2.3995983400,65625094.2700000000
2016-10-26,2.3754239200,64822247.5000000000
2016-10-27,2.3698670500,64670607.6900000000
2016-10-28,2.3419053200,63837533.5000000000
2016-10-31,2.3502011200,64063666.9600000000
2016-11-01,2.3350304200,63400621.9300000000
2016-11-03,2.3361403700,63230099.9100000000
2016-11-04,2.3359489300,63017582.7600000000
2016-11-07,2.3295470300,62672702.6600000000
2016-11-08,2.3335643400,62274461.5900000000
2016-11-09,2.3363076200,61933066.1000000000
2016-11-10,2.3628435400,62576161.1900000000
2016-11-11,2.3816511100,63074249.9000000000
2016-11-14,2.4415910500,64661664.0200000000
2016-11-16,2.4089140900,63694847.4400000000
2016-11-17,2.4152310700,63479038.9100000000
2016-11-18,2.3889472900,62587715.5100000000
2016-11-21,2.3387404100,61143003.3300000000
2016-11-22,2.3318900400,60963910.0700000000
2016-11-23,2.3455501200,61321033.2000000000
2016-11-24,2.3513283700,61357833.0900000000
2016-11-25,2.3580761800,61533916.8600000000
2016-11-28,2.3387657700,61030012.4700000000
2016-11-29,2.3471355900,61248422.7300000000
2016-11-30,2.3425959000,61001820.9000000000
2016-12-01,2.3794283600,61869630.2800000000
2016-12-02,2.3749817600,61754010.2300000000
2016-12-05,2.3553450500,61233446.7000000000
2016-12-06,2.3502965500,60785485.3200000000
2016-12-07,2.3507725200,60727735.3300000000
2016-12-08,2.3384318200,59859268.3100000000
2016-12-09,2.3460604700,59836943.7600000000
2016-12-12,2.3570070500,60116139.4200000000
2016-12-13,2.3559021500,60036882.3700000000
2016-12-14,2.3711876400,60075717.2300000000
2016-12-15,2.3636353200,59884374.0200000000
2016-12-16,2.3795388900,60095115.8200000000
2016-12-19,2.3957344700,60449002.5400000000
2016-12-20,2.3913211700,60236523.7500000000
2016-12-21,2.4089220700,60679884.0500000000
2016-12-22,2.4065380000,60569243.5900000000
2016-12-23,2.3991075500,60282375.9900000000
2016-12-26,2.4038553900,60300500.4800000000
2016-12-27,2.4062564100,60310238.3400000000
2016-12-28,2.4063393700,60312317.6700000000
2016-12-29,2.4060614600,60305352.0600000000
2016-12-30,2.4069910900,60328652.3100000000
2017-01-02,2.4264002800,60484856.3600000000
2017-01-03,2.4213388500,60240394.5700000000
2017-01-04,2.4131235000,59969143.1100000000
2017-01-05,2.4381655900,60591470.4000000000
2017-01-06,2.4320366600,60298825.8400000000
2017-01-09,2.4345764100,60361795.2800000000
2017-01-10,2.4409084400,60467417.1300000000
2017-01-11,2.4380368100,60350779.4800000000
2017-01-12,2.5173088300,62207254.0900000000
2017-01-13,2.4985753900,61744316.8600000000
2017-01-16,2.4994255100,61610710.2400000000
2017-01-17,2.4977199700,61358418.9300000000
2017-01-18,2.4885690200,61082246.5200000000
2017-01-19,2.5082162900,61564491.2700000000
2017-01-20,2.5192566400,61835478.1300000000
2017-01-23,2.5118243000,61653050.4700000000
2017-01-24,2.5150470400,61540940.3500000000
2017-01-25,2.5159622700,61509353.3000000000
2017-01-26,2.5036073200,61177303.8400000000
2017-01-27,2.5209698700,61601569.1300000000
2017-01-30,2.5385967000,61999403.6700000000
2017-01-31,2.5074002400,61237501.6500000000
2017-02-01,2.5073615500,61137502.6000000000
2017-02-02,2.5425641900,61995855.7900000000
2017-02-03,2.5616000500,62350180.3700000000
2017-02-06,2.5589898200,62286646.5200000000
2017-02-07,2.5648155900,62318397.7900000000
2017-02-08,2.5757336800,62583679.3000000000
2017-02-09,2.5695707500,62433936.0200000000
2017-02-10,2.5865072800,62815038.4800000000
2017-02-13,2.5853481100,62786887.2200000000
2017-02-14,2.5951088500,63023933.1700000000
2017-02-15,2.6268660200,63511081.6200000000
2017-02-16,2.6099143800,63101232.9800000000
2017-02-17,2.6142521200,63149492.4800000000
2017-02-20,2.6187210000,63257442.1100000000
2017-02-21,2.6247588600,63320683.3300000000
2017-02-22,2.6339363000,63542083.5000000000
2017-02-23,2.6734694100,64495795.3200000000
2017-02-24,2.6380938500,63642381.7800000000
2017-03-01,2.6544496400,64006395.7400000000
2017-03-02,2.6238977400,63239701.7200000000
2017-03-03,2.6543006700,63972456.0200000000
2017-03-06,2.6609984200,64133881.4400000000
2017-03-07,2.6593518800,64094197.4900000000
2017-03-08,2.6244368600,63216120.1900000000
2017-03-09,2.6202284600,63114750.3100000000
2017-03-10,2.6585644700,64002614.2600000000
2017-03-13,2.6670615600,64207174.4000000000
2017-03-14,2.6524853900,63856265.6500000000
2017-03-15,2.6685189500,64242259.5600000000
2017-03-16,2.6616318400,64056458.5700000000
2017-03-17,2.6557639700,63915238.6600000000
2017-03-20,2.6527406200,63842477.0000000000
2017-03-21,2.6614852900,64032845.9300000000
2017-03-22,2.6541624300,63856664.6900000000
2017-03-23,2.6460069500,63625612.7800000000
2017-03-24,2.6650960400,63970357.6400000000
2017-03-27,2.6786256600,62837804.7100000000
2017-03-28,2.6761160300,62778931.4400000000
2017-03-29,2.6825813100,62930600.3500000000
2017-03-30,2.6693287300,62464145.8200000000
2017-03-31,2.6655964900,62376808.7700000000
2017-04-03,2.6771794800,62647858.8900000000
2017-04-04,2.6835559900,62797073.4600000000
2017-04-05,2.6904250900,62937815.1800000000
2017-04-06,2.6790843400,62672518.2400000000
2017-04-07,2.6836304700,62692836.9900000000
2017-04-10,2.7031405400,63148615.6100000000
2017-04-11,2.7156098200,63409913.0600000000
2017-04-12,2.7099435100,63277603.8000000000
2017-04-13,2.7044843000,63129582.8900000000
2017-04-17,2.6931315700,62864581.1300000000
2017-04-18,2.7156799700,63091708.0300000000
2017-04-19,2.7120495700,63007365.1100000000
2017-04-20,2.7109729100,62920996.1400000000
2017-04-24,2.7172949300,62367728.6500000000
2017-04-25,2.7015973000,61301192.7600000000
2017-04-26,2.7029434800,61311146.2700000000
2017-04-27,2.6997091700,61187782.1800000000
2017-04-28,2.6970321800,61127109.2800000000
2017-05-02,2.7023068400,61246657.1600000000
2017-05-03,2.7083918300,61384571.1000000000
2017-05-04,2.6988042300,61088782.7000000000
2017-05-05,2.7067417400,61248154.7800000000
2017-05-08,2.7033956100,61172438.4800000000
2017-05-09,2.7160158900,61428010.3300000000
2017-05-10,2.7252591500,61637064.5800000000
2017-05-11,2.7451513300,62086965.2800000000
2017-05-12,2.7516906100,62234863.7600000000
2017-05-15,2.7844808600,62920329.6200000000
2017-05-16,2.7958902100,63158144.1600000000
2017-05-17,2.7810834400,62823664.6300000000
2017-05-18,2.2913097200,51198372.2400000000
2017-05-19,2.3985558800,53594743.6800000000
2017-05-22,2.3831720400,53199215.9000000000
2017-05-23,2.4007518900,53519180.1700000000
2017-05-24,2.4095579800,53685365.8400000000
2017-05-25,2.4113280700,53510247.2700000000
2017-05-26,2.4331672800,53994885.3800000000
2017-05-29,2.4384011600,54111031.6000000000
2017-05-30,2.4360226100,54058248.7200000000
2017-05-31,2.4438003300,54116046.0000000000
2017-06-01,2.4314730300,53765725.1400000000
2017-06-02,2.4283104300,53695792.3100000000
2017-06-05,2.4278484500,53685576.8600000000
2017-06-06,2.4336998600,53763214.8100000000
2017-06-07,2.4336998000,53536351.8700000000
2017-06-08,2.4319642000,53396353.5700000000
2017-06-09,2.4320927600,53399176.2200000000
2017-06-12,2.4316828600,53336845.6000000000
2017-06-13,2.4349880200,53306901.7800000000
2017-06-14,2.4399054000,53091929.4600000000
2017-06-16,2.4387416900,52927090.7100000000
2017-06-19,2.4517681800,53079937.6700000000
2017-06-20,2.4386922000,52771847.2000000000
2017-06-21,2.4434606900,52782710.2400000000
2017-06-22,2.4439570100,52700708.3800000000
2017-06-23,2.4398385200,52568849.6100000000
2017-06-26,2.4390544300,52424403.3800000000
2017-06-27,2.4338624500,52055150.3700000000
2017-06-28,2.4398043600,52161460.2000000000
2017-06-29,2.4337143800,52031260.3400000000
2017-06-30,2.4425781400,52086139.9300000000
2017-07-03,2.4540118300,52329954.7600000000
2017-07-04,2.4553604300,51934544.9900000000
2017-07-05,2.4639939300,52117156.4000000000
2017-07-06,2.4680556100,52203067.0000000000
2017-07-07,2.4646178400,52096152.9600000000
2017-07-10,2.4625819800,52053119.6600000000
2017-07-11,2.4644074000,52091704.7000000000
2017-07-12,2.4874371400,52578498.5900000000
2017-07-13,2.4897652300,52602443.1200000000
2017-07-14,2.5135941200,52454434.2300000000
2017-07-17,2.5184368300,52518090.5500000000
2017-07-18,2.5391035600,52895853.7600000000
2017-07-19,2.5552406900,53232030.4600000000
2017-07-20,2.5777179800,53700288.2900000000
2017-07-21,2.5724851400,53591275.2200000000
2017-07-24,2.5667724300,53314254.0500000000
2017-07-25,2.5470616500,52839633.3200000000
2017-07-26,2.5617504300,53144356.8000000000
2017-07-27,2.5835158200,53595887.0700000000
2017-07-28,2.5980732700,53755101.9900000000
2017-07-31,2.6142223200,53998342.9900000000
2017-08-01,2.6190946100,54098983.1000000000
2017-08-02,2.6234339100,53589410.1700000000
2017-08-03,2.6278908400,53680452.9000000000
2017-08-04,2.6146007600,53408973.7200000000
2017-08-07,2.6054247500,53116057.9900000000
2017-08-08,2.6092826900,53144228.3800000000
2017-08-09,2.5844737900,52638936.3400000000
2017-08-10,2.5690045600,52323868.8800000000
2017-08-11,2.5768480300,52433096.3100000000
2017-08-14,2.5773213200,52422726.7400000000
2017-08-15,2.5717275100,52251200.4700000000
2017-08-16,2.5750474300,52266157.4500000000
2017-08-17,2.5714280800,52192695.0600000000
2017-08-18,2.5771471600,52308776.1300000000
2017-08-21,2.5778017800,52269029.2900000000
2017-08-22,2.5761774500,52205678.1400000000
2017-08-23,2.5870830100,52406677.0000000000
2017-08-24,2.5967828600,52603167.4800000000
2017-08-25,2.6061733000,52793390.1300000000
2017-08-28,2.6079020400,52727162.0300000000
2017-08-29,2.6158467900,52832296.1500000000
2017-08-30,2.6172251800,52089298.9500000000
2017-08-31,2.6202666400,52149831.4400000000
2017-09-01,2.6131016800,51773145.7600000000
2017-09-04,2.6127549200,51766275.4000000000
2017-09-05,2.6206535900,51821094.1600000000
2017-09-06,2.6523282400,52367193.4400000000
2017-09-08,2.6662002100,52311882.0600000000
2017-09-11,2.6465179100,51874803.1800000000
2017-09-12,2.6278309400,51229738.9100000000
2017-09-13,2.6296548200,51265295.4500000000
2017-09-14,2.6315050100,51301365.1000000000
2017-09-15,2.6337441600,51345017.4600000000
2017-09-18,2.6444605100,51431022.4000000000
2017-09-19,2.6564767400,51548901.3700000000
2017-09-20,2.6601731000,51620629.2700000000
2017-09-21,2.6788005500,51982094.6400000000
2017-09-22,2.6855723500,52037298.2700000000
2017-09-25,2.6750316600,51833055.4700000000
2017-09-26,2.6893337800,52110182.1700000000
2017-09-27,2.6774283500,51859495.0700000000
2017-09-28,2.6762406800,51836490.9200000000
2017-09-29,2.6801515300,51855971.1400000000
2017-10-02,2.6838406000,51927347.8200000000
2017-10-03,2.6672831000,51606990.8600000000
2017-10-04,2.6678527000,51428024.0500000000
2017-10-05,2.6638690200,50371668.5500000000
2017-10-06,2.6627226900,50286861.1600000000
2017-10-09,2.6678140300,50302220.5700000000
2017-10-10,2.6730112100,50400214.5000000000
2017-10-11,2.6806314600,50543895.9600000000
2017-10-13,2.6829939500,50588441.3300000000
2017-10-16,2.6757604800,50375967.3400000000
2017-10-17,2.6754740400,50370574.6700000000
2017-10-18,2.6779424200,50417046.3300000000
2017-10-19,2.6795473700,50341594.5800000000
2017-10-20,2.6817555200,50353144.4400000000
2017-10-23,2.6760479900,50245978.8400000000
2017-10-24,2.7096352500,50876619.4800000000
2017-10-25,2.7046778900,50783539.1300000000
2017-10-26,2.7260651400,51185110.1800000000
2017-10-27,2.7061646100,50811454.0600000000
2017-10-30,2.7240476100,51089000.1700000000
2017-10-31,2.7366434400,51325232.6700000000
2017-11-01,2.7230642000,51070556.5400000000
2017-11-03,2.7443420600,51469618.8200000000
2017-11-06,2.7199514300,51012177.0800000000
2017-11-07,2.7264954000,51134908.0400000000
2017-11-08,2.7101318600,50828012.9200000000
2017-11-09,2.7181904600,50979150.5700000000
2017-11-10,2.7267886800,51079459.6700000000
2017-11-13,2.7426833600,51319623.5900000000
2017-11-14,2.7504548100,51441315.3300000000
2017-11-16,2.7323318700,51102365.0300000000
2017-11-17,2.7212238400,50894613.1700000000
2017-11-20,2.7217545900,50904539.7000000000
2017-11-21,2.7100766600,50686129.2300000000
2017-11-22,2.7075037900,50580378.0900000000
2017-11-23,2.7206439600,50825856.8600000000
2017-11-24,2.7214383500,50840697.2500000000
2017-11-27,2.7286209100,50683306.7400000000
2017-11-28,2.7298039700,50557690.9000000000
2017-11-29,2.7173845600,50327675.5500000000
2017-11-30,2.7158150500,50040326.3700000000
2017-12-01,2.7180086800,49890772.7600000000
2017-12-04,2.7235691500,49888255.2500000000
2017-12-05,2.7248231700,49911225.4200000000
2017-12-06,2.7206440100,49794607.6800000000
2017-12-07,2.7183884300,49695989.2400000000
2017-12-08,2.7292530600,49894610.1000000000
2017-12-11,2.7368113400,50032786.1300000000
2017-12-12,2.7396175400,50084087.3800000000
2017-12-13,2.7508223900,50154337.4700000000
2017-12-14,2.7451940400,49994111.0200000000
2017-12-15,2.7460566700,50009820.8200000000
2017-12-18,2.7503613500,50053149.3900000000
2017-12-19,2.7491137600,50030444.8900000000
2017-12-20,2.7573748900,50074773.3300000000
2017-12-21,2.7485194000,49913954.9600000000
2017-12-22,2.7537818900,50009523.3500000000
2017-12-26,2.7671233200,50251807.8000000000
2017-12-27,2.7663249900,50237309.9100000000
2017-12-28,2.7707394000,50317476.9200000000
2017-12-29,2.7711092200,50324193.0500000000
2018-01-02,2.7888692900,50646721.3200000000
2018-01-03,2.7927183600,50655787.0600000000
2018-01-04,2.7962681900,50720175.6800000000
2018-01-05,2.7891345200,50590781.5200000000
2018-01-08,2.7859640800,50533274.3900000000
2018-01-09,2.7833189700,50485295.9200000000
2018-01-10,2.7668975300,50187435.3700000000
2018-01-11,2.7498028100,49877362.2800000000
2018-01-12,2.7544415600,49923502.4900000000
2018-01-15,2.7613324100,49879647.6000000000
2018-01-16,2.7447656200,49580391.4500000000
2018-01-17,2.7463908000,49307959.6300000000
2018-01-18,2.7518934400,49406752.5300000000
2018-01-19,2.7580779600,49373657.5900000000
2018-01-22,2.7495164500,49220393.9400000000
2018-01-23,2.7198008200,48688440.4900000000
2018-01-24,2.7748587100,49674057.7700000000
2018-01-25,2.7753509500,49682869.6500000000
2018-01-26,2.7835243700,49746224.5900000000
2018-01-29,2.7668149600,49327000.1300000000
2018-01-30,2.7613767200,49230046.7900000000
2018-01-31,2.7479026800,48932879.4600000000
2018-02-01,2.7577534100,49108295.0300000000
2018-02-02,2.7251445900,48471962.6800000000
2018-02-05,2.7059019200,47982909.7500000000
2018-02-06,2.6980036200,47721526.6400000000
2018-02-07,2.7080663900,47645546.5800000000
2018-02-08,2.7154124000,47754791.7600000000
2018-02-09,2.7259721300,47940501.2300000000
2018-02-14,2.7088186800,47578830.9700000000
2018-02-15,2.7177361900,47506880.4800000000
2018-02-16,2.7323810900,47623923.9700000000
2018-02-19,2.7388125800,47677413.0600000000
2018-02-20,2.7454458400,47643869.5300000000
2018-02-21,2.7598133600,47893200.3600000000
2018-02-22,2.7384683200,47407689.5000000000
2018-02-23,2.7496309000,47414548.9000000000
2018-02-26,2.7386226300,47111216.3600000000
2018-02-27,2.7385250800,47022873.4400000000
2018-02-28,2.7554076300,47220987.0700000000
2018-03-01,2.7575645500,47185407.3400000000
2018-03-02,2.7830953000,47563777.5400000000
2018-03-05,2.7895000100,47474486.6800000000
2018-03-06,2.7968423500,47599446.0600000000
2018-03-07,2.8114865900,47565857.2800000000
2018-03-08,2.8135946900,47581523.0000000000
2018-03-09,2.8127636700,47341724.6100000000
2018-03-12,2.8106809300,47306669.9800000000
2018-03-13,2.8034142300,47184363.9400000000
2018-03-14,2.7873176100,46913441.0400000000
2018-03-15,2.7867411100,46824420.9400000000
2018-03-16,2.7843998200,46785081.2800000000
2018-03-19,2.7885978100,46798410.7500000000
2018-03-20,2.7907218400,46834056.2700000000
2018-03-21,2.7833898600,46711010.5100000000
2018-03-22,2.8236296700,47326785.6600000000
2018-03-23,2.8224309700,47306694.2300000000
2018-03-26,2.8299938100,47433454.9000000000
2018-03-27,2.8256468700,47360595.9500000000
2018-03-28,2.8238041800,47329710.6000000000
2018-03-29,2.8163845800,47205350.9200000000
2018-04-02,2.8099890800,47098156.1200000000
2018-04-03,2.8108193600,47112072.4300000000
2018-04-04,2.8028897800,46979164.9200000000
2018-04-05,2.8001391100,46933061.0700000000
2018-04-06,2.8008472300,46944929.7300000000
2018-04-09,2.7968461300,46877867.4700000000
2018-04-10,2.8034300000,46988219.5800000000
2018-04-11,2.7874969800,46721166.5900000000
2018-04-12,2.8072943300,47052989.4300000000
2018-04-13,2.8110211700,47115454.8700000000
2018-04-16,2.8076006200,47058123.1300000000
2018-04-17,2.8060474900,47032091.1800000000
2018-04-18,2.8082002500,47068173.6300000000
2018-04-19,2.7995583100,46923326.2000000000
2018-04-20,2.8085073500,47073320.8600000000
2018-04-23,2.8130447100,47149371.4000000000
2018-04-24,2.8178471200,47229864.5100000000
2018-04-25,2.8225801000,47207319.9600000000
2018-04-26,2.8019529200,46862332.8400000000
2018-04-27,2.7893128300,46650928.8900000000
2018-04-30,2.7905269500,46671234.7700000000
2018-05-02,2.8045516900,46905796.9200000000
2018-05-03,2.7832883200,46550169.6500000000
2018-05-04,2.7806523300,46506082.9300000000
2018-05-07,2.7914279100,46329283.6000000000
2018-05-08,2.8025517700,46513906.0900000000
2018-05-09,2.8084043600,46529601.5500000000
2018-05-10,2.7669032500,45807011.8100000000
2018-05-11,2.7848338900,46103859.6000000000
2018-05-14,2.7900272200,46189836.8300000000
2018-05-15,2.8120190400,46553918.9300000000
2018-05-16,2.8484903900,47157714.2400000000
2018-05-17,2.8513846100,47205629.0400000000
2018-05-18,2.8849260900,47725919.5100000000
2018-05-21,2.8436303300,47042755.3600000000
2018-05-22,2.7834010600,46046370.3700000000
2018-05-23,2.7682182700,45736996.7200000000
2018-05-24,2.7929928700,46146327.0200000000
2018-05-25,2.8102555200,46431543.6400000000
2018-05-28,2.8773295000,47443049.8800000000
2018-05-29,2.8933396000,47707033.5700000000
2018-05-30,2.8836690400,47381001.1300000000
2018-06-01,2.8904342800,47256076.9400000000
2018-06-04,2.8521416300,46497198.5100000000
2018-06-05,2.9434901500,47986412.7800000000
2018-06-06,2.9751665000,48417479.4800000000
2018-06-07,3.1772995100,51683100.5000000000
2018-06-08,3.0813694300,50122667.1500000000
2018-06-11,3.0565019900,49718164.4600000000
2018-06-12,3.0337029000,49347306.2700000000
2018-06-13,3.0371089000,49265670.1500000000
2018-06-14,3.1535407300,50957110.3600000000
2018-06-15,3.0941084200,49996761.5900000000
2018-06-18,3.0717297900,49635152.0800000000
2018-06-19,3.0317304500,48988814.8500000000
2018-06-20,3.0454437600,49210404.1000000000
2018-06-21,3.0474994400,49193214.7300000000
2018-06-22,3.0458770100,49167025.2300000000
2018-06-25,3.0261116500,48847969.5900000000
2018-06-26,3.0165749600,48694026.9000000000
2018-06-27,3.0751813500,49640060.5000000000
2018-06-28,3.0536390000,49292320.4100000000
2018-06-29,3.0574907800,49354496.5500000000
2018-07-02,3.0794452000,49708888.1700000000
2018-07-03,3.0643699200,49465540.6800000000
2018-07-04,3.0655060600,49483880.4200000000
2018-07-05,3.0825217900,49758551.0600000000
2018-07-06,3.0411905000,49091374.8200000000
2018-07-09,3.0416596200,49078790.3300000000
2018-07-10,2.9987334600,48386154.0700000000
2018-07-11,3.0650574900,49456327.3900000000
2018-07-12,3.0797079000,49692719.6100000000
2018-07-13,3.0542724400,48282304.9100000000
2018-07-16,3.0510035700,48230630.2900000000
2018-07-17,3.0456989500,48146774.1500000000
2018-07-18,3.0207325400,47752102.0800000000
2018-07-19,3.0500058300,48214857.8700000000
2018-07-20,2.9722742400,46986067.5400000000
2018-07-23,2.9745278800,47021693.3600000000
2018-07-24,2.9492197900,46621620.0300000000
2018-07-25,2.9390782300,46461301.0300000000
2018-07-26,2.9592214900,46779728.1100000000
2018-07-27,2.9440329000,46539625.0200000000
2018-07-30,2.9463099900,46575621.6400000000
2018-07-31,2.9613774200,46813809.3700000000
2018-08-01,2.9614966100,46815693.5200000000
2018-08-02,2.9664781500,46894442.3100000000
2018-08-03,2.9467048100,46521460.6200000000
2018-08-06,2.9602006700,46653706.3200000000
2018-08-07,2.9546355100,46565997.5500000000
2018-08-08,2.9555409100,46580267.0700000000
2018-08-09,2.9816899700,47012384.4900000000
2018-08-10,3.0014803200,47440419.5600000000
2018-08-13,3.0361184500,47987898.4900000000
2018-08-14,3.0085674700,47562436.7300000000
2018-08-15,3.0214287500,47765760.6000000000
2018-08-16,3.0264536900,47855199.9200000000
2018-08-17,3.0395617700,48062468.7500000000
2018-08-20,3.0626772800,48427978.2300000000
2018-08-21,3.0935553400,48916231.5000000000
2018-08-22,3.1111873200,49195033.7200000000
2018-08-23,3.1459578100,49744835.1400000000
2018-08-24,3.1418412700,49679743.2100000000
2018-08-27,3.1295552400,49580760.7800000000
2018-08-28,3.1558817000,49997844.2900000000
2018-08-29,3.1539212500,49989198.4600000000
2018-08-30,3.1829251900,50648906.6900000000
2018-08-31,3.1237237300,49776852.1300000000
2018-09-03,3.1788527800,50730339.1300000000
2018-09-04,3.1961411300,51546238.5700000000
2018-09-05,3.1777114900,51249011.8300000000
2018-09-06,3.1608141400,50976497.2400000000
2018-09-10,3.1220379300,50376128.1800000000
2018-09-11,3.1701180900,51151933.2000000000
2018-09-12,3.1491901100,50839246.5400000000
2018-09-13,3.1883587900,51667690.3400000000
2018-09-14,3.1701700900,52039687.6800000000
2018-09-17,3.1420147800,52382018.4500000000
2018-09-18,3.1311300100,53531755.5500000000
2018-09-19,3.1201749900,54387945.0400000000
2018-09-20,3.0875907600,54425533.5800000000
2018-09-21,3.0693660100,54430287.1400000000
2018-09-24,3.0913934700,55407235.8400000000
2018-09-25,3.0920382000,55756866.9100000000
2018-09-26,3.0595287900,55573603.3000000000
2018-09-27,3.0381418500,55946593.2600000000
2018-09-28,3.0608960500,56647963.3900000000
2018-10-01,3.0539413700,57086671.8400000000
2018-10-02,3.0271785700,56856400.5400000000
2018-10-03,3.0298475800,57537890.0800000000
2018-10-04,3.0255057300,57804237.6900000000
2018-10-05,2.9939536200,57825708.2200000000
2018-10-08,3.0611422700,59396746.7300000000
2018-10-09,3.1045602600,60460909.7100000000
2018-10-10,3.0712196500,60422346.0500000000
2018-10-11,3.0706571500,61010169.8300000000
2018-10-15,3.0730865700,61589682.3200000000
2018-10-16,3.1000732700,62927158.9600000000
2018-10-17,3.1001574200,64007811.4100000000
2018-10-18,3.0909233800,64562796.5700000000
2018-10-19,3.0944402500,65605383.2600000000
2018-10-22,3.1275875300,67109206.7700000000
2018-10-23,3.1273535000,68302097.7100000000
2018-10-24,3.1117355000,69179370.8000000000
2018-10-25,3.1138429300,70485152.5500000000
2018-10-26,3.1495614300,72491369.3200000000
2018-10-29,3.1472862300,68711897.0800000000
2018-10-30,3.1741434600,70711590.2800000000
2018-10-31,3.1776856200,72545120.9400000000
2018-11-01,3.1746339500,73701784.0800000000
2018-11-05,3.1778970100,75432318.9000000000
2018-11-06,3.1644089300,76649223.5900000000
2018-11-07,3.1610550200,78979481.4600000000
2018-11-08,3.1395290800,79503551.6600000000
2018-11-09,3.1455290000,82427185.3500000000
2018-11-12,3.1471556000,84254453.9500000000
2018-11-13,3.1338548800,85106244.3500000000
2018-11-14,3.1361658900,86780912.5500000000
2018-11-16,3.1665599800,88606202.6900000000
2018-11-19,3.1457941900,88897756.1300000000
2018-11-20,3.1455435000,88890671.6700000000
2018-11-21,3.1490013600,90746911.6300000000
2018-11-22,3.1485018600,91892867.8900000000
2018-11-23,3.1507883600,93347676.2600000000
2018-11-26,3.1635815400,95818909.0100000000
2018-11-27,3.1678078100,97235293.8800000000
2018-11-28,3.1657142900,98804618.2700000000
2018-11-29,3.1694346200,100077570.7800000000
2018-11-30,3.1707620500,100942085.7300000000
2018-12-03,3.1615837900,101967729.8700000000
2018-12-04,3.1556432500,103422327.3800000000
2018-12-05,3.1641211300,106405171.1800000000
2018-12-06,3.1664875300,107544051.7300000000
2018-12-07,3.1649837700,106188013.3000000000
2018-12-10,3.1716189500,107712453.6300000000
2018-12-11,3.1768249400,108911640.8700000000
2018-12-12,3.1741298500,110640839.9800000000
2018-12-13,3.1997614100,112552489.9300000000
2018-12-14,3.2014137000,114258734.6300000000
2018-12-17,3.1918688500,116864930.2000000000
2018-12-18,3.1848932500,117982769.4600000000
2018-12-19,3.1809653700,119793938.5600000000
2018-12-20,3.1781929900,121097557.9100000000
2018-12-21,3.1799244100,122924167.4300000000
2018-12-24,3.1802098200,122924950.4400000000
2018-12-26,3.1764687800,124796501.3200000000
2018-12-27,3.1848403000,126625181.1400000000
2018-12-28,3.1976998500,128579829.3700000000
2018-12-31,3.1988603600,128606230.3600000000
2019-01-02,3.2435904100,132288763.9300000000
2019-01-03,3.2487529000,135732753.6100000000
2019-01-04,3.2408214900,137455063.1000000000
2019-01-07,3.2098529400,139571749.0100000000
2019-01-08,3.2137812900,142517890.6200000000
2019-01-09,3.2240108900,146589692.8900000000
2019-01-10,3.2117679600,148146863.2800000000
2019-01-11,3.2110677200,150291110.4500000000
2019-01-14,3.2274809400,152994778.8800000000
2019-01-15,3.2141802100,154829243.4200000000
2019-01-16,3.2117290600,156807324.1600000000
2019-01-17,3.2214323600,158643961.7500000000
2019-01-18,3.2179236300,161457562.5800000000
2019-01-21,3.2152717000,162787779.7300000000
2019-01-22,3.2149908700,164700839.4200000000
2019-01-23,3.2309630000,167535367.8800000000
2019-01-24,3.2397354900,170147405.7300000000
2019-01-25,3.2381515500,169981907.2600000000
2019-01-28,3.2276130800,171812626.0500000000
2019-01-29,3.2409437400,174418394.3200000000
2019-01-30,3.2432877700,176975311.8600000000
2019-01-31,3.2801294200,181434502.4600000000
2019-02-01,3.2774509400,183804006.4200000000
2019-02-04,3.2764835900,186332542.6300000000
2019-02-05,3.2715516700,189524965.9100000000
2019-02-06,3.2492485200,191118849.5700000000
2019-02-07,3.2200497400,192788900.9400000000
2019-02-08,3.2057338700,183131388.0900000000
2019-02-11,3.1945713300,185006068.9000000000
2019-02-12,3.2181528500,188692147.5700000000
2019-02-13,3.2221582400,191049249.3100000000
2019-02-14,3.2480194900,194604293.9100000000
2019-02-15,3.2485183800,199361429.4600000000
2019-02-18,3.2326372600,201249732.0500000000
2019-02-19,3.2454649100,205971420.1700000000
2019-02-20,3.2273736300,207274809.6100000000
2019-02-21,3.2179363400,209970890.7500000000
2019-02-22,3.2273822100,212780227.2800000000
2019-02-25,3.2101124600,213570988.5400000000
2019-02-26,3.2051482100,215327707.0100000000
2019-02-27,3.2064500500,218590387.0900000000
2019-02-28,3.1752133400,221011794.0300000000
2019-03-01,3.1659666300,224650274.4300000000
2019-03-06,3.1630659500,225854643.6100000000
2019-03-07,3.1827389500,228675432.9700000000
2019-03-08,3.1879044500,231444792.4000000000
2019-03-11,3.2055856700,234957613.5700000000
2019-03-12,3.1997202400,237079147.0600000000
2019-03-13,3.2245524000,240048848.7800000000
2019-03-14,3.2214013500,241425467.3500000000
2019-03-15,3.2200528600,243188418.5300000000
2019-03-18,3.2307113900,250506891.2900000000
2019-03-19,3.2233895900,252923941.9900000000
2019-03-20,3.2206636200,254318639.5400000000
2019-03-21,3.1976739900,253941112.6100000000
2019-03-22,3.1339789800,250419664.8300000000
2019-03-25,3.1228945600,251870596.2300000000
2019-03-26,3.1284978100,255341411.7400000000
2019-03-27,3.1073378500,255146872.1300000000
2019-03-28,3.1219799200,257086899.4100000000
2019-03-29,3.1200900100,258562276.4100000000
2019-04-01,3.1137903300,258363264.4000000000
2019-04-02,3.1003558500,258721680.3000000000
2019-04-03,3.0934523400,259664894.5000000000
2019-04-04,3.1063378700,261778618.0400000000
2019-04-05,3.1165424400,263084256.1500000000
2019-04-08,3.1144035800,264194376.2900000000
2019-04-09,3.0993595800,263685766.6700000000
2019-04-10,3.0936883100,263927859.1100000000
2019-04-11,3.0861637300,263457915.4200000000
2019-04-12,3.0810854100,263216815.7600000000
2019-04-15,3.0772153000,263249450.2200000000
2019-04-16,3.0935666700,265257958.4300000000
2019-04-17,3.0991452800,266494867.3000000000
2019-04-18,3.0953589700,267033427.8200000000
2019-04-22,3.1020673700,267490176.4900000000
2019-04-23,3.1136476600,269309895.7000000000
2019-04-24,3.1212065100,270774868.5900000000
2019-04-25,3.1165866400,271013216.0500000000
2019-04-26,3.1002604500,270691067.0800000000
2019-04-29,3.0994983400,272189234.1900000000
2019-04-30,3.0932632200,272548806.3500000000
2019-05-02,3.0993437600,274905217.9500000000
2019-05-03,3.0915512300,274285117.1900000000
2019-05-06,3.0959870900,274888445.3400000000
2019-05-07,3.0997418200,275861325.4700000000
2019-05-08,3.0816552200,274260543.1900000000
2019-05-09,3.0852490900,274417417.3000000000
2019-05-10,3.0874335900,274534026.2900000000
2019-05-13,3.0811701600,273674186.4300000000
2019-05-14,3.0886017500,274843396.7000000000
2019-05-15,3.0907086500,274241306.3400000000
2019-05-16,3.0974085300,275045596.3800000000
2019-05-17,3.1257552500,277813276.3100000000
2019-05-20,3.1269127900,282203361.5200000000
2019-05-21,3.1145833000,281468126.8500000000
2019-05-22,3.1105946000,282425379.0900000000
2019-05-23,3.1136646600,282415624.3700000000
2019-05-24,3.0946783900,281372511.9200000000
2019-05-27,3.1136223400,283078793.0800000000
2019-05-28,3.1323044700,285340844.5100000000
2019-05-29,3.1184386300,283527119.9300000000
2019-05-30,3.1165110600,283908316.8300000000
2019-05-31,3.1288900700,285788024.8500000000
2019-06-03,3.1377272900,287200193.2500000000
2019-06-04,3.1620977200,290083760.5500000000
2019-06-05,3.1305511200,287123863.5400000000
2019-06-06,3.1409444000,288356411.9100000000
2019-06-07,3.1707915700,290501790.2500000000
2019-06-10,3.1775922500,290840309.3800000000
2019-06-11,3.1934732600,294666756.7800000000
2019-06-12,3.1862405700,294435989.0700000000
2019-06-13,3.2180106300,297242434.5900000000
2019-06-14,3.2248076800,297877345.6100000000
2019-06-17,3.2047895800,295674623.4600000000
2019-06-18,3.2259011700,298697526.0000000000
2019-06-19,3.2300274100,299704617.9400000000
2019-06-21,3.2786080600,304041416.3200000000
2019-06-24,3.2804193800,305359181.7700000000
2019-06-25,3.2405608600,303387933.6300000000
2019-06-26,3.2372205500,303519983.0900000000
2019-06-27,3.2498289600,305685466.7700000000
2019-06-28,3.2616562600,307568720.0900000000
2019-07-01,3.2672596400,308321211.1700000000
2019-07-02,3.2564269800,307701631.4000000000
2019-07-03,3.2745705700,309933027.9800000000
2019-07-04,3.3113818600,313406422.1900000000
2019-07-05,3.3168605600,314366300.2100000000
2019-07-08,3.3287923100,315773746.5000000000
2019-07-09,3.3296749900,315857478.9500000000
2019-07-10,3.3551971700,319958825.3200000000
2019-07-11,3.3483444500,320914343.3200000000
2019-07-12,3.3462114800,322280453.2000000000
2019-07-15,3.3424730700,322107283.5500000000
2019-07-16,3.3361511100,323333180.1900000000
2019-07-17,3.3361423200,323103826.1900000000
2019-07-18,3.3569860700,326103248.4200000000
2019-07-19,3.3494428700,326849028.4900000000
2019-07-22,3.3612328800,327879153.8300000000
2019-07-23,3.3655532000,330623412.0200000000
2019-07-24,3.3717735600,333962021.4400000000
2019-07-25,3.3576054700,334608798.4500000000
2019-07-26,3.3622244600,336339694.2700000000
2019-07-29,3.3636682100,336943120.1600000000
2019-07-30,3.3645668600,338360291.0700000000
2019-07-31,3.3465554600,339795598.7000000000
2019-08-01,3.3683696300,343181678.6600000000
2019-08-02,3.3656248900,344082103.7200000000
2019-08-05,3.3391571400,343915227.7900000000
2019-08-06,3.3607858900,348100968.1300000000
2019-08-07,3.3739097600,350984323.5800000000
2019-08-08,3.3753430700,353090692.0900000000
2019-08-09,3.3813371300,355205733.6700000000
2019-08-12,3.3812442100,356186550.1500000000
2019-08-13,3.3822682000,359950479.2300000000
2019-08-14,3.3737960700,365219667.2600000000
2019-08-15,3.3663584400,365616461.6000000000
2019-08-16,3.3776865700,367753524.5900000000
2019-08-19,3.3859378600,370057340.7300000000
2019-08-20,3.3826358800,371310449.3000000000
2019-08-21,3.3941009400,376745573.6000000000
2019-08-22,3.3952862100,376528141.5200000000
2019-08-23,3.3957278900,378195080.3300000000
2019-08-26,3.3990963400,380948821.7400000000
2019-08-27,3.3834155900,379827373.9100000000
2019-08-28,3.3836368600,380430747.1900000000
2019-08-29,3.3872591400,381299563.8400000000
2019-08-30,3.3869910000,381986479.0600000000
2019-09-02,3.4009162700,384220827.1200000000
2019-09-03,3.4101983300,386924168.2700000000
2019-09-04,3.3986985200,387620669.1900000000
2019-09-05,3.4002756300,389044622.6400000000
2019-09-06,3.3953690200,390904456.1500000000
2019-09-09,3.4017522700,393762312.6700000000
2019-09-10,3.3943352200,394711918.1000000000
2019-09-11,3.3872472800,393650961.5700000000
2019-09-12,3.3946885800,396156588.3300000000
2019-09-13,3.3852624200,396626641.7200000000
2019-09-16,3.4138714400,407061486.9600000000
2019-09-17,3.4224531900,408084752.6500000000
2019-09-18,3.4260073900,408200240.8500000000
2019-09-19,3.4736062100,413727572.5100000000
2019-09-20,3.4839731900,414852082.6900000000
2019-09-23,3.4802376500,413160683.8800000000
2019-09-24,3.4759082400,412646713.5200000000
2019-09-25,3.4758903800,412291474.2000000000
2019-09-26,3.4874604500,413494443.6700000000
2019-09-27,3.4876617100,413411974.6100000000
2019-09-30,3.4785988200,411881455.0200000000
2019-10-01,3.4742321800,411364425.1300000000
2019-10-02,3.4601148100,408956705.0500000000
2019-10-03,3.4642692200,409192589.9600000000
2019-10-04,3.4719323000,409836409.4900000000
2019-10-07,3.4699599900,409173199.6600000000
2019-10-08,3.4700000400,409177922.3000000000
2019-10-09,3.4981418900,412020462.0200000000
2019-10-10,3.5148758000,413951830.7900000000
2019-10-11,3.5149003300,413583329.8900000000
2019-10-14,3.5269386800,414606756.0800000000
2019-10-15,3.5273914600,414659981.4000000000
2019-10-16,3.5433776100,416247407.1500000000
2019-10-17,3.5512388700,416922016.1600000000
2019-10-18,3.5399717300,415182241.3200000000
2019-10-21,3.5454518500,415256876.9100000000
2019-10-22,3.5200813200,412285383.9200000000
2019-10-23,3.5223276300,412453227.1200000000
2019-10-24,3.5281242200,412403390.9600000000
2019-10-25,3.5420414200,413953377.1000000000
2019-10-28,3.5440283800,413907261.0400000000
2019-10-29,3.5398617600,413420640.9300000000
2019-10-30,3.5498922700,414394542.2400000000
2019-10-31,3.5200740500,410785514.4100000000
2019-11-01,3.5424328800,413288367.9600000000
2019-11-04,3.5408429100,412858034.6800000000
2019-11-05,3.5468277500,413555859.2400000000
2019-11-06,3.5213966900,410533445.6000000000
2019-11-07,3.5280945900,411101093.8200000000
2019-11-08,3.5198882300,409934839.7500000000
2019-11-11,3.5265546800,410209658.3000000000
2019-11-12,3.5126342800,408590433.7200000000
2019-11-13,3.5067464700,407834642.1200000000
2019-11-14,3.5115727400,408303718.4700000000
2019-11-18,3.5144111800,408083289.7700000000
2019-11-19,3.5123905500,407848660.3100000000
2019-11-20,3.5097230200,407481759.3300000000
2019-11-21,3.5042251200,406764375.6300000000
2019-11-22,3.5175223200,407664945.7300000000
2019-11-25,3.5260401800,408238927.0100000000
2019-11-26,3.5206569100,407615660.4800000000
2019-11-27,3.5255422200,407285374.4900000000
2019-11-28,3.5242420600,407076117.7000000000
2019-11-29,3.5202542300,406100357.4000000000
2019-12-02,3.4985807600,399163012.5100000000
2019-12-03,3.4919573300,398407326.4100000000
2019-12-04,3.4998125800,399026404.2400000000
2019-12-05,3.4943736400,398039205.9100000000
2019-12-06,3.5085956000,398981561.2400000000
2019-12-09,3.5019705500,397987959.7200000000
2019-12-10,3.5015510100,397940280.8700000000
2019-12-11,3.5037121100,397665407.9800000000
2019-12-12,3.5184558700,399209162.3400000000
2019-12-13,3.5227981600,399592354.1300000000
2019-12-16,3.5352080700,400227498.7400000000
2019-12-17,3.5273493300,399337796.2700000000
2019-12-18,3.5319544000,399011659.4300000000
2019-12-19,3.5312429000,398725957.0300000000
2019-12-20,3.5274884000,398302022.2300000000
2019-12-23,3.5379758500,398260261.2300000000
2019-12-24,3.5407313300,398570438.6800000000
2019-12-26,3.5573047600,399020090.7800000000
2019-12-27,3.5597061600,399175335.1100000000
2019-12-30,3.5505758900,393582170.7800000000
2019-12-31,3.5506726800,393592899.5000000000
2020-01-02,3.5757540900,395824815.7600000000
2020-01-03,3.5702714200,394944836.2100000000
2020-01-06,3.5571874200,392947764.7900000000
2020-01-07,3.5627326600,393560323.9300000000
2020-01-08,3.5638062600,393336395.7700000000
2020-01-09,3.5625839100,392870109.5300000000
2020-01-10,3.5523687100,391156010.9600000000
2020-01-13,3.5625877000,391491389.4100000000
2020-01-14,3.5763762500,393006607.9600000000